fecha,fecha_insercion,id_sesion,sesion_descripcion,fecha_inicio,ubicacion,id_proyecto,codigo_interno,dispositivo_descripcion,DS18B20 [Grados celcius (°C)],DS3231 [Grados celcius (°C)],Divisor de Voltaje [Voltaje (V)],ENV-20-EC-K1.0 [Electroconductividad ambiental (µS/cm)],ENV-20-pH [pH ambiental (pH)],SIM7600G [Intensidad señal telefónica (Adimensional)],proyecto,dispositivo,fecha_carpeta,archivo_origen
2025-11-10 00:36:22,2025-11-10 00:37:07,Sin sesión,,,,13,AGUA-02,,21.69,18.25,12.22,1581.0,8.2,22.0,13,AGUA-02,2025-11-10,AGUA-02_paquete_001_20251114.csv
2025-11-10 00:45:58,2025-11-10 00:46:40,Sin sesión,,,,13,AGUA-01,,19.12,19.25,12.39,1733.0,8.5,25.0,13,AGUA-01,2025-11-10,AGUA-01_paquete_001_20251114.csv
2025-11-10 01:37:07,2025-11-10 01:38:00,Sin sesión,,,,13,AGUA-02,,21.31,17.5,12.22,1570.0,8.18,20.0,13,AGUA-02,2025-11-10,AGUA-02_paquete_001_20251114.csv
2025-11-10 01:46:36,2025-11-10 01:47:18,Sin sesión,,,,13,AGUA-01,,18.88,17.25,12.38,1717.0,8.53,27.0,13,AGUA-01,2025-11-10,AGUA-01_paquete_001_20251114.csv
2025-11-10 02:38:01,2025-11-10 02:39:21,Sin sesión,,,,13,AGUA-02,,21.06,16.75,12.21,1559.0,8.15,10.0,13,AGUA-02,2025-11-10,AGUA-02_paquete_001_20251114.csv
2025-11-10 02:47:19,2025-11-10 02:48:02,Sin sesión,,,,13,AGUA-01,,18.75,16.25,12.37,1720.0,8.5,25.0,13,AGUA-01,2025-11-10,AGUA-01_paquete_001_20251114.csv
2025-11-10 03:39:21,2025-11-10 03:40:14,Sin sesión,,,,13,AGUA-02,,20.88,16.0,12.2,1549.0,8.14,10.0,13,AGUA-02,2025-11-10,AGUA-02_paquete_001_20251114.csv
2025-11-10 03:47:58,2025-11-10 03:48:40,Sin sesión,,,,13,AGUA-01,,18.94,15.25,12.36,1715.0,8.47,25.0,13,AGUA-01,2025-11-10,AGUA-01_paquete_001_20251114.csv
2025-11-10 04:40:28,2025-11-10 04:41:13,Sin sesión,,,,13,AGUA-02,,20.56,15.25,12.18,1538.0,8.1,20.0,13,AGUA-02,2025-11-10,AGUA-02_paquete_001_20251114.csv
2025-11-10 04:48:40,2025-11-10 04:49:23,Sin sesión,,,,13,AGUA-01,,18.88,14.5,12.34,1720.0,8.38,25.0,13,AGUA-01,2025-11-10,AGUA-01_paquete_001_20251114.csv
2025-11-10 05:41:14,2025-11-10 05:41:58,Sin sesión,,,,13,AGUA-02,,20.56,14.5,12.19,1529.0,8.11,22.0,13,AGUA-02,2025-11-10,AGUA-02_paquete_001_20251114.csv
2025-11-10 05:49:23,2025-11-10 05:50:06,Sin sesión,,,,13,AGUA-01,,18.94,13.75,12.35,1716.0,8.35,26.0,13,AGUA-01,2025-11-10,AGUA-01_paquete_001_20251114.csv
2025-11-10 06:41:59,2025-11-10 06:42:42,Sin sesión,,,,13,AGUA-02,,20.25,14.0,12.17,1514.0,8.09,22.0,13,AGUA-02,2025-11-10,AGUA-02_paquete_001_20251114.csv
2025-11-10 06:50:06,2025-11-10 06:50:48,Sin sesión,,,,13,AGUA-01,,18.44,13.25,12.33,1729.0,8.33,25.0,13,AGUA-01,2025-11-10,AGUA-01_paquete_001_20251114.csv
2025-11-10 07:42:46,2025-11-10 07:43:31,Sin sesión,,,,13,AGUA-02,,19.38,14.5,12.17,1499.0,8.08,20.0,13,AGUA-02,2025-11-10,AGUA-02_paquete_001_20251114.csv
2025-11-10 07:50:59,2025-11-10 07:51:42,Sin sesión,,,,13,AGUA-01,,18.12,18.0,12.38,1754.0,8.3,26.0,13,AGUA-01,2025-11-10,AGUA-01_paquete_001_20251114.csv
2025-11-10 08:43:42,2025-11-10 08:44:35,Sin sesión,,,,13,AGUA-02,,19.5,17.25,12.18,1509.0,8.06,21.0,13,AGUA-02,2025-11-10,AGUA-02_paquete_001_20251114.csv
2025-11-10 08:52:18,2025-11-10 08:53:00,Sin sesión,,,,13,AGUA-01,,18.19,24.5,12.4,1731.0,8.21,25.0,13,AGUA-01,2025-11-10,AGUA-01_paquete_001_20251114.csv
2025-11-10 09:44:57,2025-11-10 09:45:50,Sin sesión,,,,13,AGUA-02,,19.75,20.5,12.21,1529.0,7.85,21.0,13,AGUA-02,2025-11-10,AGUA-02_paquete_001_20251114.csv
2025-11-10 09:53:13,2025-11-10 09:53:55,Sin sesión,,,,13,AGUA-01,,18.75,29.5,12.42,1737.0,8.24,25.0,13,AGUA-01,2025-11-10,AGUA-01_paquete_001_20251114.csv
2025-11-10 10:46:05,2025-11-10 10:46:49,Sin sesión,,,,13,AGUA-02,,20.25,22.75,12.23,1547.0,7.98,22.0,13,AGUA-02,2025-11-10,AGUA-02_paquete_001_20251114.csv
2025-11-10 10:54:12,2025-11-10 10:54:55,Sin sesión,,,,13,AGUA-01,,19.81,32.25,12.44,1739.0,8.38,25.0,13,AGUA-01,2025-11-10,AGUA-01_paquete_001_20251114.csv
2025-11-10 11:55:07,2025-11-10 11:55:51,Sin sesión,,,,13,AGUA-01,,21.06,33.75,12.45,1781.0,7.75,26.0,13,AGUA-01,2025-11-10,AGUA-01_paquete_001_20251114.csv
2025-11-10 12:48:37,2025-11-10 12:49:21,Sin sesión,,,,13,AGUA-02,,24.81,27.5,12.25,1623.0,7.52,21.0,13,AGUA-02,2025-11-10,AGUA-02_paquete_001_20251114.csv
2025-11-10 12:55:42,2025-11-10 12:56:24,Sin sesión,,,,13,AGUA-01,,21.75,31.0,12.44,1808.0,8.23,25.0,13,AGUA-01,2025-11-10,AGUA-01_paquete_001_20251114.csv
2025-11-10 13:49:42,2025-11-10 13:50:26,Sin sesión,,,,13,AGUA-02,,24.06,31.25,12.24,1658.0,7.46,23.0,13,AGUA-02,2025-11-10,AGUA-02_paquete_001_20251114.csv
2025-11-10 13:56:27,2025-11-10 13:57:10,Sin sesión,,,,13,AGUA-01,,20.75,31.25,12.46,1786.0,8.06,26.0,13,AGUA-01,2025-11-10,AGUA-01_paquete_001_20251114.csv
2025-11-10 14:50:37,2025-11-10 14:51:22,Sin sesión,,,,13,AGUA-02,,24.94,34.25,12.27,1686.0,7.63,23.0,13,AGUA-02,2025-11-10,AGUA-02_paquete_001_20251114.csv
2025-11-10 14:57:17,2025-11-10 14:57:59,Sin sesión,,,,13,AGUA-01,,21.0,32.5,12.46,1799.0,7.84,25.0,13,AGUA-01,2025-11-10,AGUA-01_paquete_001_20251114.csv
2025-11-10 15:51:35,2025-11-10 15:52:19,Sin sesión,,,,13,AGUA-02,,27.38,34.5,12.28,1719.0,7.86,23.0,13,AGUA-02,2025-11-10,AGUA-02_paquete_001_20251114.csv
2025-11-10 15:58:04,2025-11-10 15:58:47,Sin sesión,,,,13,AGUA-01,,21.25,32.25,12.46,1826.0,7.71,25.0,13,AGUA-01,2025-11-10,AGUA-01_paquete_001_20251114.csv
2025-11-10 16:52:24,2025-11-10 16:53:17,Sin sesión,,,,13,AGUA-02,,26.88,36.25,12.3,1714.0,7.95,23.0,13,AGUA-02,2025-11-10,AGUA-02_paquete_001_20251114.csv
2025-11-10 16:58:51,2025-11-10 16:59:33,Sin sesión,,,,13,AGUA-01,,20.88,32.0,12.46,1813.0,7.75,24.0,13,AGUA-01,2025-11-10,AGUA-01_paquete_001_20251114.csv
2025-11-10 17:53:27,2025-11-10 17:54:11,Sin sesión,,,,13,AGUA-02,,25.19,36.0,12.3,1697.0,8.1,22.0,13,AGUA-02,2025-11-10,AGUA-02_paquete_001_20251114.csv
2025-11-10 17:59:36,2025-11-10 18:00:18,Sin sesión,,,,13,AGUA-01,,21.06,31.25,12.47,1812.0,8.04,27.0,13,AGUA-01,2025-11-10,AGUA-01_paquete_001_20251114.csv
2025-11-10 18:53:55,2025-11-10 18:54:39,Sin sesión,,,,13,AGUA-02,,24.25,30.25,12.3,1675.0,8.23,23.0,13,AGUA-02,2025-11-10,AGUA-02_paquete_001_20251114.csv
2025-11-10 19:00:19,2025-11-10 19:01:01,Sin sesión,,,,13,AGUA-01,,20.44,29.5,12.46,1816.0,8.29,27.0,13,AGUA-01,2025-11-10,AGUA-01_paquete_001_20251114.csv
2025-11-10 19:54:33,2025-11-10 19:55:37,Sin sesión,,,,13,AGUA-02,,23.56,26.25,12.27,1649.0,8.32,21.0,13,AGUA-02,2025-11-10,AGUA-02_paquete_001_20251114.csv
2025-11-10 20:00:57,2025-11-10 20:01:39,Sin sesión,,,,13,AGUA-01,,20.0,26.25,12.44,1804.0,8.4,26.0,13,AGUA-01,2025-11-10,AGUA-01_paquete_001_20251114.csv
2025-11-10 20:55:23,2025-11-10 20:56:10,Sin sesión,,,,13,AGUA-02,,22.31,23.0,12.25,1613.0,8.31,22.0,13,AGUA-02,2025-11-10,AGUA-02_paquete_001_20251114.csv
2025-11-10 21:01:24,2025-11-10 21:02:09,Sin sesión,,,,13,AGUA-01,,19.62,22.5,12.42,1782.0,8.37,24.0,13,AGUA-01,2025-11-10,AGUA-01_paquete_001_20251114.csv
2025-11-10 22:02:08,2025-11-10 22:02:50,Sin sesión,,,,13,AGUA-01,,19.44,21.75,12.4,1782.0,8.36,28.0,13,AGUA-01,2025-11-10,AGUA-01_paquete_001_20251114.csv
2025-11-10 21:56:06,2025-11-10 22:59:12,Sin sesión,,,,13,AGUA-02,,22.81,22.0,12.25,1603.0,8.3,23.0,13,AGUA-02,2025-11-10,AGUA-02_paquete_001_20251114.csv
2025-11-10 22:57:51,2025-11-10 22:59:16,Sin sesión,,,,13,AGUA-02,,22.38,20.25,12.24,1597.0,8.22,23.0,13,AGUA-02,2025-11-10,AGUA-02_paquete_001_20251114.csv
2025-11-10 23:02:55,2025-11-10 23:03:37,Sin sesión,,,,13,AGUA-01,,19.19,21.25,12.4,1751.0,8.35,26.0,13,AGUA-01,2025-11-10,AGUA-01_paquete_001_20251114.csv
2025-11-10 23:59:14,2025-11-11 00:00:09,Sin sesión,,,,13,AGUA-02,,21.88,18.75,12.23,1586.0,8.16,24.0,13,AGUA-02,2025-11-10,AGUA-02_paquete_001_20251114.csv
2025-11-11 00:03:34,2025-11-11 00:04:17,Sin sesión,,,,13,AGUA-01,,19.0,19.5,12.39,1749.0,8.41,24.0,13,AGUA-01,2025-11-10,AGUA-01_paquete_001_20251114.csv
2025-11-11 01:04:15,2025-11-11 01:04:58,Sin sesión,,,,13,AGUA-01,,18.75,18.5,12.39,1745.0,8.39,25.0,13,AGUA-01,2025-11-10,AGUA-01_paquete_001_20251114.csv
2025-11-11 01:00:09,2025-11-11 02:03:00,Sin sesión,,,,13,AGUA-02,,21.5,17.5,12.22,1574.0,8.12,7.0,13,AGUA-02,2025-11-10,AGUA-02_paquete_001_20251114.csv
2025-11-11 02:05:01,2025-11-11 02:05:44,Sin sesión,,,,13,AGUA-01,,18.5,18.5,12.38,1735.0,8.31,24.0,13,AGUA-01,2025-11-10,AGUA-01_paquete_001_20251114.csv
2025-11-11 03:03:22,2025-11-11 03:04:41,Sin sesión,,,,13,AGUA-02,,20.56,16.75,12.18,1547.0,8.08,7.0,13,AGUA-02,2025-11-10,AGUA-02_paquete_001_20251114.csv
2025-11-11 03:05:44,2025-11-11 03:06:26,Sin sesión,,,,13,AGUA-01,,18.56,16.75,12.36,1704.0,8.48,24.0,13,AGUA-01,2025-11-10,AGUA-01_paquete_001_20251114.csv
2025-11-11 04:04:44,2025-11-11 04:05:39,Sin sesión,,,,13,AGUA-02,,20.31,16.25,12.19,1535.0,8.08,7.0,13,AGUA-02,2025-11-10,AGUA-02_paquete_001_20251114.csv
2025-11-11 04:06:27,2025-11-11 04:07:09,Sin sesión,,,,13,AGUA-01,,18.38,16.0,12.37,1699.0,8.42,25.0,13,AGUA-01,2025-11-10,AGUA-01_paquete_001_20251114.csv
2025-11-11 05:05:41,2025-11-11 05:06:29,Sin sesión,,,,13,AGUA-02,,19.88,15.75,12.18,1523.0,8.06,20.0,13,AGUA-02,2025-11-10,AGUA-02_paquete_001_20251114.csv
2025-11-11 05:07:07,2025-11-11 05:07:49,Sin sesión,,,,13,AGUA-01,,18.38,14.75,12.35,1710.0,8.28,25.0,13,AGUA-01,2025-11-10,AGUA-01_paquete_001_20251114.csv
2025-11-11 06:06:38,2025-11-11 06:07:31,Sin sesión,,,,13,AGUA-02,,19.56,15.0,12.18,1509.0,8.05,22.0,13,AGUA-02,2025-11-10,AGUA-02_paquete_001_20251114.csv
2025-11-11 06:07:50,2025-11-11 06:08:32,Sin sesión,,,,13,AGUA-01,,18.25,14.75,12.35,1713.0,8.27,27.0,13,AGUA-01,2025-11-10,AGUA-01_paquete_001_20251114.csv
2025-11-11 07:07:32,2025-11-11 07:08:24,Sin sesión,,,,13,AGUA-02,,19.19,15.25,12.18,1499.0,8.04,23.0,13,AGUA-02,2025-11-10,AGUA-02_paquete_001_20251114.csv
2025-11-11 07:08:32,2025-11-11 07:09:14,Sin sesión,,,,13,AGUA-01,,18.44,14.25,12.35,1723.0,8.3,26.0,13,AGUA-01,2025-11-10,AGUA-01_paquete_001_20251114.csv
2025-11-11 08:08:33,2025-11-11 08:09:17,Sin sesión,,,,13,AGUA-02,,18.88,16.5,12.17,1491.0,8.05,19.0,13,AGUA-02,2025-11-10,AGUA-02_paquete_001_20251114.csv
2025-11-11 08:09:31,2025-11-11 08:10:13,Sin sesión,,,,13,AGUA-01,,17.75,19.25,12.39,1736.0,8.2,25.0,13,AGUA-01,2025-11-10,AGUA-01_paquete_001_20251114.csv
2025-11-11 09:09:29,2025-11-11 09:10:13,Sin sesión,,,,13,AGUA-02,,18.62,18.75,12.18,1504.0,7.97,21.0,13,AGUA-02,2025-11-10,AGUA-02_paquete_001_20251114.csv
2025-11-11 09:10:39,2025-11-11 09:11:21,Sin sesión,,,,13,AGUA-01,,17.94,23.0,12.41,1721.0,8.12,26.0,13,AGUA-01,2025-11-10,AGUA-01_paquete_001_20251114.csv
2025-11-11 10:10:30,2025-11-11 10:11:14,Sin sesión,,,,13,AGUA-02,,18.94,20.75,12.2,1513.0,7.77,21.0,13,AGUA-02,2025-11-10,AGUA-02_paquete_001_20251114.csv
2025-11-11 11:11:26,2025-11-11 11:12:50,Sin sesión,,,,13,AGUA-02,,19.75,22.75,12.24,1538.0,8.03,7.0,13,AGUA-02,2025-11-10,AGUA-02_paquete_001_20251114.csv
2025-11-11 11:12:49,2025-11-11 11:13:31,Sin sesión,,,,13,AGUA-01,,19.69,31.0,12.46,1752.0,7.96,25.0,13,AGUA-01,2025-11-10,AGUA-01_paquete_001_20251114.csv
2025-11-11 12:13:38,2025-11-11 12:14:20,Sin sesión,,,,13,AGUA-01,,20.19,31.25,12.44,1778.0,7.24,25.0,13,AGUA-01,2025-11-10,AGUA-01_paquete_001_20251114.csv
2025-11-11 13:14:24,2025-11-11 13:15:06,Sin sesión,,,,13,AGUA-01,,20.12,32.0,12.45,1786.0,6.67,27.0,13,AGUA-01,2025-11-10,AGUA-01_paquete_001_20251114.csv
2025-11-11 12:13:05,2025-11-11 13:16:10,Sin sesión,,,,13,AGUA-02,,20.12,25.0,12.24,1558.0,7.65,8.0,13,AGUA-02,2025-11-10,AGUA-02_paquete_001_20251114.csv
2025-11-11 14:15:13,2025-11-11 14:15:55,Sin sesión,,,,13,AGUA-01,,20.5,33.0,12.45,1794.0,6.84,27.0,13,AGUA-01,2025-11-10,AGUA-01_paquete_001_20251114.csv
2025-11-11 14:16:52,2025-11-11 14:18:31,Sin sesión,,,,13,AGUA-02,,22.56,31.5,12.26,1616.0,7.35,23.0,13,AGUA-02,2025-11-10,AGUA-02_paquete_001_20251114.csv
2025-11-11 15:15:56,2025-11-11 15:16:38,Sin sesión,,,,13,AGUA-01,,21.06,32.25,12.46,1847.0,7.18,25.0,13,AGUA-01,2025-11-10,AGUA-01_paquete_001_20251114.csv
2025-11-11 15:18:55,2025-11-11 15:19:52,Sin sesión,,,,13,AGUA-02,,23.5,36.5,12.27,1645.0,7.42,21.0,13,AGUA-02,2025-11-10,AGUA-02_paquete_001_20251114.csv
2025-11-11 16:16:43,2025-11-11 16:17:25,Sin sesión,,,,13,AGUA-01,,22.0,33.0,12.47,1823.0,7.96,25.0,13,AGUA-01,2025-11-10,AGUA-01_paquete_001_20251114.csv
2025-11-11 16:20:04,2025-11-11 16:20:59,Sin sesión,,,,13,AGUA-02,,23.69,38.75,12.3,1650.0,7.57,19.0,13,AGUA-02,2025-11-10,AGUA-02_paquete_001_20251114.csv
2025-11-11 17:17:32,2025-11-11 17:18:14,Sin sesión,,,,13,AGUA-01,,21.81,34.0,12.47,1778.0,8.19,24.0,13,AGUA-01,2025-11-10,AGUA-01_paquete_001_20251114.csv
2025-11-11 17:21:01,2025-11-11 17:21:45,Sin sesión,,,,13,AGUA-02,,25.38,38.25,12.31,1660.0,7.82,22.0,13,AGUA-02,2025-11-10,AGUA-02_paquete_001_20251114.csv
2025-11-11 19:19:14,2025-11-11 19:19:56,Sin sesión,,,,13,AGUA-01,,21.12,33.5,12.47,1716.0,8.1,24.0,13,AGUA-01,2025-11-10,AGUA-01_paquete_001_20251114.csv
2025-11-11 19:22:29,2025-11-11 19:23:22,Sin sesión,,,,13,AGUA-02,,23.19,32.0,12.31,1594.0,8.11,22.0,13,AGUA-02,2025-11-10,AGUA-02_paquete_001_20251114.csv
2025-11-11 20:19:50,2025-11-11 20:20:32,Sin sesión,,,,13,AGUA-01,,19.88,28.25,12.44,1692.0,8.21,24.0,13,AGUA-01,2025-11-10,AGUA-01_paquete_001_20251114.csv
2025-11-11 20:23:10,2025-11-11 20:23:54,Sin sesión,,,,13,AGUA-02,,22.31,27.75,12.27,1545.0,8.19,22.0,13,AGUA-02,2025-11-10,AGUA-02_paquete_001_20251114.csv
2025-11-11 21:20:21,2025-11-11 21:21:03,Sin sesión,,,,13,AGUA-01,,19.62,25.75,12.42,1664.0,8.42,26.0,13,AGUA-01,2025-11-10,AGUA-01_paquete_001_20251114.csv
2025-11-11 21:23:47,2025-11-11 21:24:31,Sin sesión,,,,13,AGUA-02,,21.88,25.0,12.25,1528.0,8.2,23.0,13,AGUA-02,2025-11-10,AGUA-02_paquete_001_20251114.csv
2025-11-11 22:21:02,2025-11-11 22:21:44,Sin sesión,,,,13,AGUA-01,,19.38,24.5,12.41,1672.0,8.35,25.0,13,AGUA-01,2025-11-10,AGUA-01_paquete_001_20251114.csv
2025-11-11 22:24:24,2025-11-11 22:25:28,Sin sesión,,,,13,AGUA-02,,22.81,23.0,12.25,1520.0,8.17,21.0,13,AGUA-02,2025-11-10,AGUA-02_paquete_001_20251114.csv
2025-11-11 23:21:44,2025-11-11 23:22:27,Sin sesión,,,,13,AGUA-01,,19.12,23.5,12.4,1699.0,8.34,25.0,13,AGUA-01,2025-11-10,AGUA-01_paquete_001_20251114.csv
2025-11-11 23:25:28,2025-11-11 23:26:12,Sin sesión,,,,13,AGUA-02,,22.12,21.5,12.23,1510.0,8.14,22.0,13,AGUA-02,2025-11-10,AGUA-02_paquete_001_20251114.csv
2025-11-12 00:22:21,2025-11-12 00:23:03,Sin sesión,,,,13,AGUA-01,,18.88,21.0,12.41,1696.0,8.28,24.0,13,AGUA-01,2025-11-10,AGUA-01_paquete_001_20251114.csv
2025-11-12 00:26:11,2025-11-12 00:27:06,Sin sesión,,,,13,AGUA-02,,21.81,20.5,12.22,1500.0,8.13,22.0,13,AGUA-02,2025-11-10,AGUA-02_paquete_001_20251114.csv
2025-11-12 01:23:03,2025-11-12 01:23:45,Sin sesión,,,,13,AGUA-01,,18.81,20.0,12.39,1703.0,8.28,25.0,13,AGUA-01,2025-11-10,AGUA-01_paquete_001_20251114.csv
2025-11-12 01:27:06,2025-11-12 01:27:50,Sin sesión,,,,13,AGUA-02,,21.56,19.75,12.22,1490.0,8.09,20.0,13,AGUA-02,2025-11-10,AGUA-02_paquete_001_20251114.csv
2025-11-12 02:23:48,2025-11-12 02:24:30,Sin sesión,,,,13,AGUA-01,,18.69,20.5,12.39,1702.0,8.27,24.0,13,AGUA-01,2025-11-10,AGUA-01_paquete_001_20251114.csv
2025-11-12 02:27:48,2025-11-12 02:28:52,Sin sesión,,,,13,AGUA-02,,21.25,18.75,12.2,1481.0,8.06,20.0,13,AGUA-02,2025-11-10,AGUA-02_paquete_001_20251114.csv
2025-11-12 03:24:32,2025-11-12 03:25:14,Sin sesión,,,,13,AGUA-01,,18.62,18.75,12.38,1709.0,8.25,24.0,13,AGUA-01,2025-11-10,AGUA-01_paquete_001_20251114.csv
2025-11-12 03:28:53,2025-11-12 03:29:37,Sin sesión,,,,13,AGUA-02,,20.94,17.75,12.19,1471.0,8.02,22.0,13,AGUA-02,2025-11-10,AGUA-02_paquete_001_20251114.csv
2025-11-12 04:25:14,2025-11-12 04:25:57,Sin sesión,,,,13,AGUA-01,,18.81,19.25,12.39,1707.0,8.7,24.0,13,AGUA-01,2025-11-10,AGUA-01_paquete_001_20251114.csv
2025-11-12 04:29:38,2025-11-12 04:30:58,Sin sesión,,,,13,AGUA-02,,20.56,16.5,12.19,1462.0,8.02,9.0,13,AGUA-02,2025-11-10,AGUA-02_paquete_001_20251114.csv
2025-11-12 05:26:06,2025-11-12 05:26:48,Sin sesión,,,,13,AGUA-01,,18.69,19.5,12.37,1687.0,8.67,24.0,13,AGUA-01,2025-11-10,AGUA-01_paquete_001_20251114.csv
2025-11-12 05:30:59,2025-11-12 05:31:57,Sin sesión,,,,13,AGUA-02,,20.19,15.75,12.19,1448.0,8.02,8.0,13,AGUA-02,2025-11-10,AGUA-02_paquete_001_20251114.csv
2025-11-12 06:26:42,2025-11-12 06:27:25,Sin sesión,,,,13,AGUA-01,,18.56,16.5,12.37,1712.0,8.61,24.0,13,AGUA-01,2025-11-10,AGUA-01_paquete_001_20251114.csv
2025-11-12 06:32:08,2025-11-12 06:33:05,Sin sesión,,,,13,AGUA-02,,19.88,15.0,12.18,1439.0,8.01,21.0,13,AGUA-02,2025-11-10,AGUA-02_paquete_001_20251114.csv
2025-11-12 07:27:25,2025-11-12 07:28:08,Sin sesión,,,,13,AGUA-01,,18.5,17.5,12.36,1710.0,8.47,25.0,13,AGUA-01,2025-11-10,AGUA-01_paquete_001_20251114.csv
2025-11-12 07:33:09,2025-11-12 07:33:53,Sin sesión,,,,13,AGUA-02,,19.38,15.5,12.18,1430.0,8.03,20.0,13,AGUA-02,2025-11-10,AGUA-02_paquete_001_20251114.csv
2025-11-12 08:28:37,2025-11-12 08:29:19,Sin sesión,,,,13,AGUA-01,,18.56,24.5,12.4,1716.0,8.36,25.0,13,AGUA-01,2025-11-10,AGUA-01_paquete_001_20251114.csv
2025-11-12 08:34:07,2025-11-12 08:35:00,Sin sesión,,,,13,AGUA-02,,19.38,19.25,12.2,1433.0,8.05,22.0,13,AGUA-02,2025-11-10,AGUA-02_paquete_001_20251114.csv
2025-11-12 09:29:34,2025-11-12 09:30:16,Sin sesión,,,,13,AGUA-01,,18.94,28.0,12.42,1724.0,8.47,27.0,13,AGUA-01,2025-11-10,AGUA-01_paquete_001_20251114.csv
2025-11-12 09:35:19,2025-11-12 09:36:03,Sin sesión,,,,13,AGUA-02,,19.31,22.0,12.22,1443.0,7.69,21.0,13,AGUA-02,2025-11-10,AGUA-02_paquete_001_20251114.csv
2025-11-12 10:30:42,2025-11-12 10:31:25,Sin sesión,,,,13,AGUA-01,,19.69,33.0,12.44,1757.0,8.41,23.0,13,AGUA-01,2025-11-10,AGUA-01_paquete_001_20251114.csv
2025-11-12 10:36:20,2025-11-12 10:37:04,Sin sesión,,,,13,AGUA-02,,19.56,24.75,12.24,1447.0,7.86,20.0,13,AGUA-02,2025-11-10,AGUA-02_paquete_001_20251114.csv
2025-11-12 11:31:37,2025-11-12 11:32:20,Sin sesión,,,,13,AGUA-01,,21.19,36.25,12.46,1817.0,7.16,24.0,13,AGUA-01,2025-11-10,AGUA-01_paquete_001_20251114.csv
2025-11-12 11:37:20,2025-11-12 11:38:04,Sin sesión,,,,13,AGUA-02,,20.12,27.0,12.24,1481.0,7.93,22.0,13,AGUA-02,2025-11-10,AGUA-02_paquete_001_20251114.csv
2025-11-12 12:32:28,2025-11-12 12:33:19,Sin sesión,,,,13,AGUA-01,,20.44,37.0,12.45,1792.0,6.08,17.0,13,AGUA-01,2025-11-10,AGUA-01_paquete_001_20251114.csv
2025-11-12 13:33:24,2025-11-12 13:34:07,Sin sesión,,,,13,AGUA-01,,21.56,36.75,12.47,1834.0,6.05,25.0,13,AGUA-01,2025-11-10,AGUA-01_paquete_001_20251114.csv
2025-11-12 13:40:18,2025-11-12 13:41:18,Sin sesión,,,,13,AGUA-02,,22.31,33.75,12.25,1511.0,6.75,6.0,13,AGUA-02,2025-11-10,AGUA-02_paquete_001_20251114.csv
2025-11-12 14:34:11,2025-11-12 14:34:53,Sin sesión,,,,13,AGUA-01,,22.19,36.75,12.47,1851.0,6.36,26.0,13,AGUA-01,2025-11-10,AGUA-01_paquete_001_20251114.csv
2025-11-12 14:41:43,2025-11-12 14:42:41,Sin sesión,,,,13,AGUA-02,,22.75,37.5,12.28,1509.0,6.63,21.0,13,AGUA-02,2025-11-10,AGUA-02_paquete_001_20251114.csv
2025-11-12 15:34:55,2025-11-12 15:35:37,Sin sesión,,,,13,AGUA-01,,21.88,36.5,12.47,1859.0,6.7,24.0,13,AGUA-01,2025-11-10,AGUA-01_paquete_001_20251114.csv
2025-11-12 15:43:04,2025-11-12 15:43:48,Sin sesión,,,,13,AGUA-02,,23.62,41.75,12.31,1655.0,6.94,22.0,13,AGUA-02,2025-11-10,AGUA-02_paquete_001_20251114.csv
2025-11-12 16:35:41,2025-11-12 16:36:23,Sin sesión,,,,13,AGUA-01,,22.5,37.0,12.47,1847.0,7.72,23.0,13,AGUA-01,2025-11-10,AGUA-01_paquete_001_20251114.csv
2025-11-12 16:43:58,2025-11-12 16:45:22,Sin sesión,,,,13,AGUA-02,,24.25,42.75,12.3,1674.0,7.32,6.0,13,AGUA-02,2025-11-10,AGUA-02_paquete_001_20251114.csv
2025-11-12 17:36:30,2025-11-12 17:37:13,Sin sesión,,,,13,AGUA-01,,22.19,37.75,12.48,1817.0,7.79,24.0,13,AGUA-01,2025-11-10,AGUA-01_paquete_001_20251114.csv
2025-11-12 17:45:30,2025-11-12 17:46:28,Sin sesión,,,,13,AGUA-02,,24.62,44.25,12.32,1688.0,7.47,7.0,13,AGUA-02,2025-11-10,AGUA-02_paquete_001_20251114.csv
2025-11-12 18:37:18,2025-11-12 18:38:00,Sin sesión,,,,13,AGUA-01,,21.75,37.75,12.47,1775.0,7.89,23.0,13,AGUA-01,2025-11-10,AGUA-01_paquete_001_20251114.csv
2025-11-12 18:46:18,2025-11-12 18:47:05,Sin sesión,,,,13,AGUA-02,,24.69,37.25,12.31,1685.0,7.79,22.0,13,AGUA-02,2025-11-10,AGUA-02_paquete_001_20251114.csv
2025-11-12 19:38:00,2025-11-12 19:38:43,Sin sesión,,,,13,AGUA-01,,20.88,36.5,12.47,1718.0,8.04,24.0,13,AGUA-01,2025-11-10,AGUA-01_paquete_001_20251114.csv
2025-11-12 19:46:59,2025-11-12 19:47:52,Sin sesión,,,,13,AGUA-02,,23.94,34.0,12.3,1664.0,7.98,20.0,13,AGUA-02,2025-11-10,AGUA-02_paquete_001_20251114.csv
2025-11-12 20:38:32,2025-11-12 20:39:14,Sin sesión,,,,13,AGUA-01,,20.5,30.5,12.46,1686.0,8.48,23.0,13,AGUA-01,2025-11-10,AGUA-01_paquete_001_20251114.csv
2025-11-12 20:47:36,2025-11-12 20:48:20,Sin sesión,,,,13,AGUA-02,,23.19,29.5,12.28,1639.0,8.12,23.0,13,AGUA-02,2025-11-10,AGUA-02_paquete_001_20251114.csv
2025-11-12 21:39:06,2025-11-12 21:39:48,Sin sesión,,,,13,AGUA-01,,19.81,28.25,12.44,1665.0,8.49,26.0,13,AGUA-01,2025-11-10,AGUA-01_paquete_001_20251114.csv
2025-11-12 21:48:10,2025-11-12 21:48:54,Sin sesión,,,,13,AGUA-02,,22.75,26.0,12.25,1623.0,8.14,23.0,13,AGUA-02,2025-11-10,AGUA-02_paquete_001_20251114.csv
2025-11-12 22:39:49,2025-11-12 22:40:31,Sin sesión,,,,13,AGUA-01,,19.62,27.0,12.42,1684.0,8.41,21.0,13,AGUA-01,2025-11-10,AGUA-01_paquete_001_20251114.csv
2025-11-12 22:48:47,2025-11-12 22:50:12,Sin sesión,,,,13,AGUA-02,,23.31,23.75,12.24,1610.0,8.16,5.0,13,AGUA-02,2025-11-10,AGUA-02_paquete_001_20251114.csv
2025-11-12 23:40:25,2025-11-12 23:41:07,Sin sesión,,,,13,AGUA-01,,19.56,24.0,12.41,1708.0,8.41,21.0,13,AGUA-01,2025-11-10,AGUA-01_paquete_001_20251114.csv
2025-11-12 23:50:10,2025-11-12 23:51:16,Sin sesión,,,,13,AGUA-02,,22.81,22.25,12.24,1599.0,8.11,12.0,13,AGUA-02,2025-11-10,AGUA-02_paquete_001_20251114.csv
2025-11-13 00:41:07,2025-11-13 00:41:49,Sin sesión,,,,13,AGUA-01,,19.38,23.0,12.39,1708.0,8.36,23.0,13,AGUA-01,2025-11-10,AGUA-01_paquete_001_20251114.csv
2025-11-13 00:51:25,2025-11-13 00:52:48,Sin sesión,,,,13,AGUA-02,,22.38,20.75,12.21,1589.0,8.07,3.0,13,AGUA-02,2025-11-10,AGUA-02_paquete_001_20251114.csv
2025-11-13 01:41:50,2025-11-13 01:42:32,Sin sesión,,,,13,AGUA-01,,19.31,22.25,12.4,1723.0,8.35,23.0,13,AGUA-01,2025-11-10,AGUA-01_paquete_001_20251114.csv
2025-11-13 01:52:50,2025-11-13 01:53:46,Sin sesión,,,,13,AGUA-02,,22.0,19.75,12.22,1583.0,8.03,7.0,13,AGUA-02,2025-11-10,AGUA-02_paquete_001_20251114.csv
2025-11-13 02:42:32,2025-11-13 02:43:15,Sin sesión,,,,13,AGUA-01,,19.19,20.5,12.39,1714.0,8.35,23.0,13,AGUA-01,2025-11-10,AGUA-01_paquete_001_20251114.csv
2025-11-13 02:53:58,2025-11-13 02:55:08,Sin sesión,,,,13,AGUA-02,,21.56,18.75,12.21,1568.0,8.01,21.0,13,AGUA-02,2025-11-10,AGUA-02_paquete_001_20251114.csv
2025-11-13 03:43:13,2025-11-13 03:43:55,Sin sesión,,,,13,AGUA-01,,19.19,19.0,12.39,1743.0,8.36,24.0,13,AGUA-01,2025-11-10,AGUA-01_paquete_001_20251114.csv
2025-11-13 03:55:09,2025-11-13 03:55:52,Sin sesión,,,,13,AGUA-02,,21.25,17.75,12.19,1558.0,7.99,21.0,13,AGUA-02,2025-11-10,AGUA-02_paquete_001_20251114.csv
2025-11-13 04:43:54,2025-11-13 04:44:36,Sin sesión,,,,13,AGUA-01,,19.19,17.75,12.38,1718.0,8.51,24.0,13,AGUA-01,2025-11-10,AGUA-01_paquete_001_20251114.csv
2025-11-13 04:55:54,2025-11-13 04:56:47,Sin sesión,,,,13,AGUA-02,,20.94,17.0,12.18,1549.0,7.99,22.0,13,AGUA-02,2025-11-10,AGUA-02_paquete_001_20251114.csv
2025-11-13 05:44:36,2025-11-13 05:45:18,Sin sesión,,,,13,AGUA-01,,19.06,16.75,12.36,1717.0,8.47,25.0,13,AGUA-01,2025-11-10,AGUA-01_paquete_001_20251114.csv
2025-11-13 05:56:48,2025-11-13 05:57:34,Sin sesión,,,,13,AGUA-02,,20.62,17.25,12.18,1556.0,7.99,19.0,13,AGUA-02,2025-11-10,AGUA-02_paquete_001_20251114.csv
2025-11-13 06:45:20,2025-11-13 06:46:03,Sin sesión,,,,13,AGUA-01,,18.94,16.25,12.36,1713.0,8.5,24.0,13,AGUA-01,2025-11-10,AGUA-01_paquete_001_20251114.csv
2025-11-13 06:57:45,2025-11-13 06:58:48,Sin sesión,,,,13,AGUA-02,,20.31,17.25,12.18,1545.0,8.02,21.0,13,AGUA-02,2025-11-10,AGUA-02_paquete_001_20251114.csv
2025-11-13 07:46:12,2025-11-13 07:46:54,Sin sesión,,,,13,AGUA-01,,18.81,20.0,12.39,1711.0,8.46,24.0,13,AGUA-01,2025-11-10,AGUA-01_paquete_001_20251114.csv
2025-11-13 07:58:55,2025-11-13 07:59:38,Sin sesión,,,,13,AGUA-02,,20.19,19.25,12.18,1538.0,8.02,22.0,13,AGUA-02,2025-11-10,AGUA-02_paquete_001_20251114.csv
2025-11-13 08:47:28,2025-11-13 08:48:11,Sin sesión,,,,13,AGUA-01,,19.0,27.0,12.41,1730.0,8.11,23.0,13,AGUA-01,2025-11-10,AGUA-01_paquete_001_20251114.csv
2025-11-13 09:00:00,2025-11-13 09:01:04,Sin sesión,,,,13,AGUA-02,,19.81,22.75,12.22,1542.0,7.86,21.0,13,AGUA-02,2025-11-10,AGUA-02_paquete_001_20251114.csv
2025-11-13 09:48:25,2025-11-13 09:49:07,Sin sesión,,,,13,AGUA-01,,19.38,32.0,12.45,1747.0,8.18,23.0,13,AGUA-01,2025-11-10,AGUA-01_paquete_001_20251114.csv
2025-11-13 10:01:23,2025-11-13 10:02:15,Sin sesión,,,,13,AGUA-02,,21.44,25.5,12.24,1557.0,7.46,21.0,13,AGUA-02,2025-11-10,AGUA-02_paquete_001_20251114.csv
2025-11-13 10:49:23,2025-11-13 10:50:06,Sin sesión,,,,13,AGUA-01,,21.12,36.0,12.46,1793.0,8.01,27.0,13,AGUA-01,2025-11-10,AGUA-01_paquete_001_20251114.csv
2025-11-13 11:50:21,2025-11-13 11:51:03,Sin sesión,,,,13,AGUA-01,,22.19,38.25,12.46,1843.0,7.17,24.0,13,AGUA-01,2025-11-10,AGUA-01_paquete_001_20251114.csv
2025-11-13 11:02:33,2025-11-13 12:06:26,Sin sesión,,,,13,AGUA-02,,20.31,28.25,12.25,1565.0,7.84,7.0,13,AGUA-02,2025-11-10,AGUA-02_paquete_001_20251114.csv
2025-11-13 12:04:35,2025-11-13 12:06:31,Sin sesión,,,,13,AGUA-02,,21.31,30.5,12.25,1577.0,6.99,7.0,13,AGUA-02,2025-11-10,AGUA-02_paquete_001_20251114.csv
2025-11-13 12:51:09,2025-11-13 12:51:52,Sin sesión,,,,13,AGUA-01,,22.38,39.0,12.47,1851.0,7.4,26.0,13,AGUA-01,2025-11-10,AGUA-01_paquete_001_20251114.csv
2025-11-13 13:51:51,2025-11-13 13:52:33,Sin sesión,,,,13,AGUA-01,,22.19,36.75,12.47,1826.0,8.05,25.0,13,AGUA-01,2025-11-10,AGUA-01_paquete_001_20251114.csv
2025-11-13 14:08:25,2025-11-13 14:09:24,Sin sesión,,,,13,AGUA-02,,23.38,37.0,12.26,1644.0,6.67,22.0,13,AGUA-02,2025-11-10,AGUA-02_paquete_001_20251114.csv
2025-11-13 14:52:36,2025-11-13 14:53:18,Sin sesión,,,,13,AGUA-01,,22.12,38.0,12.47,1838.0,7.26,26.0,13,AGUA-01,2025-11-10,AGUA-01_paquete_001_20251114.csv
2025-11-13 15:09:38,2025-11-13 15:10:57,Sin sesión,,,,13,AGUA-02,,24.0,39.75,12.29,1661.0,6.99,8.0,13,AGUA-02,2025-11-10,AGUA-02_paquete_001_20251114.csv
2025-11-13 15:53:25,2025-11-13 15:54:07,Sin sesión,,,,13,AGUA-01,,22.31,38.75,12.47,1841.0,7.16,24.0,13,AGUA-01,2025-11-10,AGUA-01_paquete_001_20251114.csv
2025-11-13 16:11:15,2025-11-13 16:12:17,Sin sesión,,,,13,AGUA-02,,24.56,43.0,12.3,1662.0,7.13,3.0,13,AGUA-02,2025-11-10,AGUA-02_paquete_001_20251114.csv
2025-11-13 16:54:13,2025-11-13 16:54:55,Sin sesión,,,,13,AGUA-01,,22.25,39.75,12.47,1795.0,7.32,24.0,13,AGUA-01,2025-11-10,AGUA-01_paquete_001_20251114.csv
2025-11-13 17:12:37,2025-11-13 17:13:41,Sin sesión,,,,13,AGUA-02,,25.12,43.0,12.31,1652.0,7.47,20.0,13,AGUA-02,2025-11-10,AGUA-02_paquete_001_20251114.csv
2025-11-13 17:55:01,2025-11-13 17:55:44,Sin sesión,,,,13,AGUA-01,,22.12,39.75,12.47,1735.0,7.64,25.0,13,AGUA-01,2025-11-10,AGUA-01_paquete_001_20251114.csv
2025-11-13 18:13:41,2025-11-13 18:14:25,Sin sesión,,,,13,AGUA-02,,25.0,40.5,12.31,1618.0,7.64,21.0,13,AGUA-02,2025-11-10,AGUA-02_paquete_001_20251114.csv
2025-11-13 18:55:47,2025-11-13 18:56:29,Sin sesión,,,,13,AGUA-01,,21.62,39.0,12.48,1764.0,8.02,23.0,13,AGUA-01,2025-11-10,AGUA-01_paquete_001_20251114.csv
2025-11-13 19:14:05,2025-11-13 19:14:49,Sin sesión,,,,13,AGUA-02,,26.12,37.25,12.29,1573.0,7.91,22.0,13,AGUA-02,2025-11-10,AGUA-02_paquete_001_20251114.csv
2025-11-13 19:56:31,2025-11-13 19:57:13,Sin sesión,,,,13,AGUA-01,,21.12,35.75,12.47,1780.0,8.29,14.0,13,AGUA-01,2025-11-10,AGUA-01_paquete_001_20251114.csv
2025-11-13 20:14:41,2025-11-13 20:15:25,Sin sesión,,,,13,AGUA-02,,23.5,32.75,12.29,1534.0,8.04,23.0,13,AGUA-02,2025-11-10,AGUA-02_paquete_001_20251114.csv
2025-11-13 20:56:58,2025-11-13 20:57:41,Sin sesión,,,,13,AGUA-01,,20.94,30.75,12.46,1726.0,8.47,21.0,13,AGUA-01,2025-11-10,AGUA-01_paquete_001_20251114.csv
2025-11-13 21:15:12,2025-11-13 21:16:16,Sin sesión,,,,13,AGUA-02,,23.44,28.75,12.26,1506.0,8.11,23.0,13,AGUA-02,2025-11-10,AGUA-02_paquete_001_20251114.csv
2025-11-13 21:57:38,2025-11-13 21:58:21,Sin sesión,,,,13,AGUA-01,,20.25,30.0,12.45,1731.0,8.57,26.0,13,AGUA-01,2025-11-10,AGUA-01_paquete_001_20251114.csv
2025-11-13 22:16:08,2025-11-13 22:17:14,Sin sesión,,,,13,AGUA-02,,23.12,26.25,12.24,1483.0,8.13,23.0,13,AGUA-02,2025-11-10,AGUA-02_paquete_001_20251114.csv
2025-11-13 22:58:22,2025-11-13 22:59:05,Sin sesión,,,,13,AGUA-01,,20.06,27.75,12.44,1741.0,8.5,23.0,13,AGUA-01,2025-11-10,AGUA-01_paquete_001_20251114.csv
2025-11-13 23:17:10,2025-11-13 23:18:03,Sin sesión,,,,13,AGUA-02,,22.75,24.75,12.24,1464.0,8.13,21.0,13,AGUA-02,2025-11-10,AGUA-02_paquete_001_20251114.csv
2025-11-13 23:58:54,2025-11-13 23:59:36,Sin sesión,,,,13,AGUA-01,,19.94,25.0,12.42,1748.0,8.55,24.0,13,AGUA-01,2025-11-10,AGUA-01_paquete_001_20251114.csv
2025-11-14 00:18:01,2025-11-14 00:18:45,Sin sesión,,,,13,AGUA-02,,22.31,23.5,12.24,1524.0,8.09,22.0,13,AGUA-02,2025-11-10,AGUA-02_paquete_001_20251114.csv
2025-11-14 00:59:32,2025-11-14 01:00:14,Sin sesión,,,,13,AGUA-01,,19.81,22.75,12.41,1744.0,8.45,24.0,13,AGUA-01,2025-11-10,AGUA-01_paquete_001_20251114.csv
2025-11-14 01:18:45,2025-11-14 01:19:48,Sin sesión,,,,13,AGUA-02,,23.5,22.0,12.22,1623.0,8.1,22.0,13,AGUA-02,2025-11-10,AGUA-02_paquete_001_20251114.csv
2025-11-14 02:00:11,2025-11-14 02:00:53,Sin sesión,,,,13,AGUA-01,,19.75,21.0,12.39,1743.0,8.41,24.0,13,AGUA-01,2025-11-10,AGUA-01_paquete_001_20251114.csv
2025-11-14 02:19:49,2025-11-14 02:20:33,Sin sesión,,,,13,AGUA-02,,22.94,20.75,12.21,1617.0,8.04,20.0,13,AGUA-02,2025-11-10,AGUA-02_paquete_001_20251114.csv
2025-11-14 03:00:54,2025-11-14 03:01:36,Sin sesión,,,,13,AGUA-01,,19.75,20.0,12.39,1741.0,8.41,24.0,13,AGUA-01,2025-11-10,AGUA-01_paquete_001_20251114.csv
2025-11-14 03:20:37,2025-11-14 03:21:29,Sin sesión,,,,13,AGUA-02,,22.38,20.0,12.19,1610.0,8.02,20.0,13,AGUA-02,2025-11-10,AGUA-02_paquete_001_20251114.csv
2025-11-14 04:01:34,2025-11-14 04:02:17,Sin sesión,,,,13,AGUA-01,,19.62,18.75,12.38,1760.0,8.38,24.0,13,AGUA-01,2025-11-10,AGUA-01_paquete_001_20251114.csv
2025-11-14 04:21:29,2025-11-14 04:22:33,Sin sesión,,,,13,AGUA-02,,22.0,19.0,12.18,1602.0,8.0,24.0,13,AGUA-02,2025-11-10,AGUA-02_paquete_001_20251114.csv
2025-11-14 05:02:19,2025-11-14 05:03:01,Sin sesión,,,,13,AGUA-01,,19.38,18.25,12.37,1729.0,8.41,24.0,13,AGUA-01,2025-11-10,AGUA-01_paquete_001_20251114.csv
2025-11-14 05:22:32,2025-11-14 05:23:36,Sin sesión,,,,13,AGUA-02,,21.62,18.0,12.18,1589.0,8.0,20.0,13,AGUA-02,2025-11-10,AGUA-02_paquete_001_20251114.csv
2025-11-14 06:03:03,2025-11-14 06:03:46,Sin sesión,,,,13,AGUA-01,,19.25,17.5,12.37,1723.0,8.4,23.0,13,AGUA-01,2025-11-10,AGUA-01_paquete_001_20251114.csv
2025-11-14 06:23:38,2025-11-14 06:24:31,Sin sesión,,,,13,AGUA-02,,21.25,17.5,12.18,1573.0,7.98,20.0,13,AGUA-02,2025-11-10,AGUA-02_paquete_001_20251114.csv
2025-11-14 07:03:47,2025-11-14 07:04:29,Sin sesión,,,,13,AGUA-01,,19.12,17.0,12.38,1734.0,8.37,24.0,13,AGUA-01,2025-11-10,AGUA-01_paquete_001_20251114.csv
2025-11-14 07:24:33,2025-11-14 07:26:02,Sin sesión,,,,13,AGUA-02,,20.88,17.5,12.18,1564.0,8.0,12.0,13,AGUA-02,2025-11-10,AGUA-02_paquete_001_20251114.csv
2025-11-14 08:04:44,2025-11-14 08:05:27,Sin sesión,,,,13,AGUA-01,,19.06,23.25,12.39,1744.0,8.26,23.0,13,AGUA-01,2025-11-10,AGUA-01_paquete_002_20251116.csv
2025-11-14 08:26:12,2025-11-14 08:27:09,Sin sesión,,,,13,AGUA-02,,21.62,19.75,12.19,1564.0,8.03,6.0,13,AGUA-02,2025-11-10,AGUA-02_paquete_001_20251114.csv
2025-11-14 09:05:59,2025-11-14 09:06:41,Sin sesión,,,,13,AGUA-01,,19.44,27.75,12.42,1785.0,8.08,22.0,13,AGUA-01,2025-11-10,AGUA-01_paquete_002_20251116.csv
2025-11-14 09:27:30,2025-11-14 09:28:16,Sin sesión,,,,13,AGUA-02,,20.81,23.25,12.21,1574.0,7.79,21.0,13,AGUA-02,2025-11-10,AGUA-02_paquete_001_20251114.csv
2025-11-14 10:07:03,2025-11-14 10:07:46,Sin sesión,,,,13,AGUA-01,,20.62,34.75,12.45,1747.0,8.46,23.0,13,AGUA-01,2025-11-10,AGUA-01_paquete_002_20251116.csv
2025-11-14 10:28:32,2025-11-14 10:29:16,Sin sesión,,,,13,AGUA-02,,20.94,26.0,12.24,1584.0,7.82,21.0,13,AGUA-02,2025-11-10,AGUA-02_paquete_001_20251114.csv
2025-11-14 11:08:02,2025-11-14 11:08:45,Sin sesión,,,,13,AGUA-01,,21.75,37.75,12.46,1782.0,8.0,25.0,13,AGUA-01,2025-11-10,AGUA-01_paquete_002_20251116.csv
2025-11-14 11:29:31,2025-11-14 11:30:24,Sin sesión,,,,13,AGUA-02,,21.56,28.25,12.25,1599.0,7.96,22.0,13,AGUA-02,2025-11-10,AGUA-02_paquete_001_20251114.csv
2025-11-14 12:08:50,2025-11-14 12:09:33,Sin sesión,,,,13,AGUA-01,,21.25,36.75,12.46,1801.0,7.26,27.0,13,AGUA-01,2025-11-10,AGUA-01_paquete_002_20251116.csv
2025-11-14 12:30:37,2025-11-14 12:31:21,Sin sesión,,,,13,AGUA-02,,22.88,30.25,12.25,1629.0,7.23,23.0,13,AGUA-02,2025-11-10,AGUA-02_paquete_002_20251116.csv
2025-11-14 13:09:28,2025-11-14 13:10:10,Sin sesión,,,,13,AGUA-01,,21.88,35.25,12.46,1884.0,7.37,24.0,13,AGUA-01,2025-11-10,AGUA-01_paquete_002_20251116.csv
2025-11-14 13:31:38,2025-11-14 13:32:22,Sin sesión,,,,13,AGUA-02,,23.94,33.75,12.26,1662.0,7.32,23.0,13,AGUA-02,2025-11-10,AGUA-02_paquete_002_20251116.csv
2025-11-14 14:10:13,2025-11-14 14:10:55,Sin sesión,,,,13,AGUA-01,,22.12,35.25,12.47,1892.0,7.52,23.0,13,AGUA-01,2025-11-10,AGUA-01_paquete_002_20251116.csv
2025-11-14 14:32:36,2025-11-14 14:33:40,Sin sesión,,,,13,AGUA-02,,24.75,36.5,12.28,1693.0,7.33,23.0,13,AGUA-02,2025-11-10,AGUA-02_paquete_002_20251116.csv
2025-11-14 15:10:58,2025-11-14 15:11:41,Sin sesión,,,,13,AGUA-01,,22.69,35.0,12.47,1960.0,7.59,25.0,13,AGUA-01,2025-11-10,AGUA-01_paquete_002_20251116.csv
2025-11-14 15:34:00,2025-11-14 15:34:44,Sin sesión,,,,13,AGUA-02,,25.62,39.0,12.3,1719.0,7.58,23.0,13,AGUA-02,2025-11-10,AGUA-02_paquete_002_20251116.csv
2025-11-14 16:11:44,2025-11-14 16:12:26,Sin sesión,,,,13,AGUA-01,,22.81,35.0,12.47,1984.0,7.77,22.0,13,AGUA-01,2025-11-10,AGUA-01_paquete_002_20251116.csv
2025-11-14 16:34:46,2025-11-14 16:35:30,Sin sesión,,,,13,AGUA-02,,25.69,40.0,12.28,1709.0,7.72,21.0,13,AGUA-02,2025-11-10,AGUA-02_paquete_002_20251116.csv
2025-11-14 17:12:30,2025-11-14 17:13:12,Sin sesión,,,,13,AGUA-01,,22.38,35.25,12.48,1910.0,7.98,23.0,13,AGUA-01,2025-11-10,AGUA-01_paquete_002_20251116.csv
2025-11-14 17:35:34,2025-11-14 17:36:18,Sin sesión,,,,13,AGUA-02,,26.25,39.75,12.3,1712.0,7.92,19.0,13,AGUA-02,2025-11-10,AGUA-02_paquete_002_20251116.csv
2025-11-14 18:13:15,2025-11-14 18:13:57,Sin sesión,,,,13,AGUA-01,,22.19,34.25,12.47,1878.0,8.28,22.0,13,AGUA-01,2025-11-10,AGUA-01_paquete_002_20251116.csv
2025-11-14 18:36:15,2025-11-14 18:37:00,Sin sesión,,,,13,AGUA-02,,27.62,34.5,12.3,1716.0,8.02,24.0,13,AGUA-02,2025-11-10,AGUA-02_paquete_002_20251116.csv
2025-11-14 19:13:55,2025-11-14 19:14:37,Sin sesión,,,,13,AGUA-01,,22.0,32.25,12.47,1863.0,8.5,24.0,13,AGUA-01,2025-11-10,AGUA-01_paquete_002_20251116.csv
2025-11-14 19:36:47,2025-11-14 19:37:31,Sin sesión,,,,13,AGUA-02,,24.94,31.25,12.3,1708.0,8.1,22.0,13,AGUA-02,2025-11-10,AGUA-02_paquete_002_20251116.csv
2025-11-14 20:14:33,2025-11-14 20:15:15,Sin sesión,,,,13,AGUA-01,,21.31,28.5,12.46,1847.0,8.62,25.0,13,AGUA-01,2025-11-10,AGUA-01_paquete_002_20251116.csv
2025-11-14 20:37:14,2025-11-14 20:38:40,Sin sesión,,,,13,AGUA-02,,24.62,27.0,12.24,1690.0,8.14,7.0,13,AGUA-02,2025-11-10,AGUA-02_paquete_002_20251116.csv
2025-11-14 21:15:09,2025-11-14 21:15:52,Sin sesión,,,,13,AGUA-01,,21.19,27.25,12.43,1838.0,8.62,24.0,13,AGUA-01,2025-11-10,AGUA-01_paquete_002_20251116.csv
2025-11-14 21:38:35,2025-11-14 21:39:34,Sin sesión,,,,13,AGUA-02,,24.12,24.5,12.24,1673.0,8.18,8.0,13,AGUA-02,2025-11-10,AGUA-02_paquete_002_20251116.csv
2025-11-14 22:15:48,2025-11-14 22:16:31,Sin sesión,,,,13,AGUA-01,,20.94,24.75,12.43,1822.0,8.64,24.0,13,AGUA-01,2025-11-10,AGUA-01_paquete_002_20251116.csv
2025-11-14 22:39:42,2025-11-14 22:40:45,Sin sesión,,,,13,AGUA-02,,24.19,22.75,12.24,1657.0,8.14,22.0,13,AGUA-02,2025-11-10,AGUA-02_paquete_002_20251116.csv
2025-11-14 23:16:27,2025-11-14 23:17:10,Sin sesión,,,,13,AGUA-01,,20.81,23.0,12.41,1825.0,8.62,25.0,13,AGUA-01,2025-11-10,AGUA-01_paquete_002_20251116.csv
2025-11-14 23:40:42,2025-11-14 23:41:35,Sin sesión,,,,13,AGUA-02,,23.81,21.0,12.24,1644.0,8.08,24.0,13,AGUA-02,2025-11-10,AGUA-02_paquete_002_20251116.csv
2025-11-15 00:17:07,2025-11-15 00:17:49,Sin sesión,,,,13,AGUA-01,,20.69,21.5,12.39,1822.0,8.6,24.0,13,AGUA-01,2025-11-10,AGUA-01_paquete_002_20251116.csv
2025-11-15 00:41:33,2025-11-15 00:42:17,Sin sesión,,,,13,AGUA-02,,23.44,19.75,12.22,1631.0,8.04,23.0,13,AGUA-02,2025-11-10,AGUA-02_paquete_002_20251116.csv
2025-11-15 01:17:48,2025-11-15 01:18:30,Sin sesión,,,,13,AGUA-01,,20.62,20.0,12.39,1812.0,8.55,26.0,13,AGUA-01,2025-11-10,AGUA-01_paquete_002_20251116.csv
2025-11-15 01:42:19,2025-11-15 01:43:03,Sin sesión,,,,13,AGUA-02,,23.0,19.25,12.22,1618.0,7.99,19.0,13,AGUA-02,2025-11-10,AGUA-02_paquete_002_20251116.csv
2025-11-15 02:18:29,2025-11-15 02:19:11,Sin sesión,,,,13,AGUA-01,,20.44,18.75,12.39,1768.0,8.58,27.0,13,AGUA-01,2025-11-10,AGUA-01_paquete_002_20251116.csv
2025-11-15 02:43:08,2025-11-15 02:43:52,Sin sesión,,,,13,AGUA-02,,22.81,19.25,12.21,1613.0,8.0,20.0,13,AGUA-02,2025-11-10,AGUA-02_paquete_002_20251116.csv
2025-11-15 03:19:11,2025-11-15 03:19:53,Sin sesión,,,,13,AGUA-01,,20.31,18.25,12.38,1801.0,8.56,25.0,13,AGUA-01,2025-11-10,AGUA-01_paquete_002_20251116.csv
2025-11-15 03:43:56,2025-11-15 03:45:17,Sin sesión,,,,13,AGUA-02,,22.44,19.25,12.2,1604.0,7.98,7.0,13,AGUA-02,2025-11-10,AGUA-02_paquete_002_20251116.csv
2025-11-15 04:19:54,2025-11-15 04:20:37,Sin sesión,,,,13,AGUA-01,,20.19,17.75,12.38,1825.0,8.47,24.0,13,AGUA-01,2025-11-10,AGUA-01_paquete_002_20251116.csv
2025-11-15 05:20:39,2025-11-15 05:21:22,Sin sesión,,,,13,AGUA-01,,20.06,17.0,12.36,1815.0,8.46,25.0,13,AGUA-01,2025-11-10,AGUA-01_paquete_002_20251116.csv
2025-11-15 04:45:22,2025-11-15 05:48:12,Sin sesión,,,,13,AGUA-02,,22.25,19.0,12.18,1600.0,7.97,6.0,13,AGUA-02,2025-11-10,AGUA-02_paquete_002_20251116.csv
2025-11-15 06:21:23,2025-11-15 06:22:05,Sin sesión,,,,13,AGUA-01,,19.94,16.5,12.36,1811.0,8.45,25.0,13,AGUA-01,2025-11-10,AGUA-01_paquete_002_20251116.csv
2025-11-15 06:48:44,2025-11-15 06:49:28,Sin sesión,,,,13,AGUA-02,,21.94,19.25,12.18,1586.0,7.95,21.0,13,AGUA-02,2025-11-10,AGUA-02_paquete_002_20251116.csv
2025-11-15 07:22:10,2025-11-15 07:22:52,Sin sesión,,,,13,AGUA-01,,19.94,17.75,12.37,1817.0,8.43,24.0,13,AGUA-01,2025-11-10,AGUA-01_paquete_002_20251116.csv
2025-11-15 07:49:34,2025-11-15 07:50:17,Sin sesión,,,,13,AGUA-02,,21.69,19.5,12.18,1579.0,7.94,23.0,13,AGUA-02,2025-11-10,AGUA-02_paquete_002_20251116.csv
2025-11-15 08:23:05,2025-11-15 08:23:48,Sin sesión,,,,13,AGUA-01,,19.81,19.75,12.39,1817.0,8.39,27.0,13,AGUA-01,2025-11-10,AGUA-01_paquete_002_20251116.csv
2025-11-15 08:50:22,2025-11-15 08:51:06,Sin sesión,,,,13,AGUA-02,,21.5,19.75,12.18,1573.0,7.94,22.0,13,AGUA-02,2025-11-10,AGUA-02_paquete_002_20251116.csv
2025-11-15 09:23:57,2025-11-15 09:24:40,Sin sesión,,,,13,AGUA-01,,19.81,21.25,12.4,1816.0,8.35,25.0,13,AGUA-01,2025-11-10,AGUA-01_paquete_002_20251116.csv
2025-11-15 09:51:15,2025-11-15 09:52:19,Sin sesión,,,,13,AGUA-02,,21.38,20.25,12.2,1568.0,7.96,21.0,13,AGUA-02,2025-11-10,AGUA-02_paquete_002_20251116.csv
2025-11-15 10:24:51,2025-11-15 10:25:34,Sin sesión,,,,13,AGUA-01,,19.88,23.25,12.41,1814.0,8.28,24.0,13,AGUA-01,2025-11-10,AGUA-01_paquete_002_20251116.csv
2025-11-15 10:52:27,2025-11-15 10:53:10,Sin sesión,,,,13,AGUA-02,,20.25,21.5,12.22,1562.0,7.96,23.0,13,AGUA-02,2025-11-10,AGUA-02_paquete_002_20251116.csv
2025-11-15 11:25:52,2025-11-15 11:26:35,Sin sesión,,,,13,AGUA-01,,20.75,28.25,12.44,1830.0,7.86,24.0,13,AGUA-01,2025-11-10,AGUA-01_paquete_002_20251116.csv
2025-11-15 11:53:23,2025-11-15 11:54:28,Sin sesión,,,,13,AGUA-02,,20.5,23.0,12.24,1558.0,7.97,22.0,13,AGUA-02,2025-11-10,AGUA-02_paquete_002_20251116.csv
2025-11-15 12:26:50,2025-11-15 12:27:33,Sin sesión,,,,13,AGUA-01,,21.25,30.5,12.44,1866.0,7.59,25.0,13,AGUA-01,2025-11-10,AGUA-01_paquete_002_20251116.csv
2025-11-15 13:27:40,2025-11-15 13:28:23,Sin sesión,,,,13,AGUA-01,,21.69,32.0,12.45,1901.0,7.04,25.0,13,AGUA-01,2025-11-10,AGUA-01_paquete_002_20251116.csv
2025-11-15 12:54:41,2025-11-15 13:57:44,Sin sesión,,,,13,AGUA-02,,21.25,24.5,12.24,1587.0,7.82,24.0,13,AGUA-02,2025-11-10,AGUA-02_paquete_002_20251116.csv
2025-11-15 13:56:47,2025-11-15 13:57:49,Sin sesión,,,,13,AGUA-02,,23.88,28.25,12.26,1611.0,7.63,24.0,13,AGUA-02,2025-11-10,AGUA-02_paquete_002_20251116.csv
2025-11-15 14:28:38,2025-11-15 14:29:21,Sin sesión,,,,13,AGUA-01,,22.56,34.5,12.46,1927.0,6.94,27.0,13,AGUA-01,2025-11-10,AGUA-01_paquete_002_20251116.csv
2025-11-15 14:58:09,2025-11-15 14:58:53,Sin sesión,,,,13,AGUA-02,,23.5,33.5,12.27,1646.0,7.61,22.0,13,AGUA-02,2025-11-10,AGUA-02_paquete_002_20251116.csv
2025-11-15 15:29:27,2025-11-15 15:30:09,Sin sesión,,,,13,AGUA-01,,22.56,33.5,12.47,1903.0,7.98,24.0,13,AGUA-01,2025-11-10,AGUA-01_paquete_002_20251116.csv
2025-11-15 15:59:16,2025-11-15 16:00:09,Sin sesión,,,,13,AGUA-02,,24.12,37.5,12.27,1662.0,7.7,22.0,13,AGUA-02,2025-11-10,AGUA-02_paquete_002_20251116.csv
2025-11-15 16:30:10,2025-11-15 16:30:53,Sin sesión,,,,13,AGUA-01,,22.56,33.0,12.47,1900.0,8.38,27.0,13,AGUA-01,2025-11-10,AGUA-01_paquete_002_20251116.csv
2025-11-15 17:00:36,2025-11-15 17:01:40,Sin sesión,,,,13,AGUA-02,,24.69,39.75,12.29,1683.0,7.85,23.0,13,AGUA-02,2025-11-10,AGUA-02_paquete_002_20251116.csv
2025-11-15 17:31:00,2025-11-15 17:31:43,Sin sesión,,,,13,AGUA-01,,22.69,34.25,12.47,1929.0,8.47,28.0,13,AGUA-01,2025-11-10,AGUA-01_paquete_002_20251116.csv
2025-11-15 18:01:39,2025-11-15 18:02:31,Sin sesión,,,,13,AGUA-02,,26.12,37.0,12.3,1682.0,8.02,24.0,13,AGUA-02,2025-11-10,AGUA-02_paquete_002_20251116.csv
2025-11-15 18:31:46,2025-11-15 18:32:29,Sin sesión,,,,13,AGUA-01,,22.44,33.75,12.46,1929.0,8.56,23.0,13,AGUA-01,2025-11-10,AGUA-01_paquete_002_20251116.csv
2025-11-15 19:02:07,2025-11-15 19:03:11,Sin sesión,,,,13,AGUA-02,,23.81,31.5,12.28,1666.0,8.17,23.0,13,AGUA-02,2025-11-10,AGUA-02_paquete_002_20251116.csv
2025-11-15 19:32:25,2025-11-15 19:33:08,Sin sesión,,,,13,AGUA-01,,22.38,31.5,12.46,1924.0,8.67,21.0,13,AGUA-01,2025-11-10,AGUA-01_paquete_002_20251116.csv
2025-11-15 20:03:12,2025-11-15 20:04:05,Sin sesión,,,,13,AGUA-02,,23.38,28.5,12.27,1645.0,8.17,23.0,13,AGUA-02,2025-11-10,AGUA-02_paquete_002_20251116.csv
2025-11-15 20:33:00,2025-11-15 20:33:42,Sin sesión,,,,13,AGUA-01,,21.56,26.25,12.44,1880.0,8.86,25.0,13,AGUA-01,2025-11-10,AGUA-01_paquete_002_20251116.csv
2025-11-15 21:03:52,2025-11-15 21:04:56,Sin sesión,,,,13,AGUA-02,,23.0,24.75,12.24,1631.0,8.2,23.0,13,AGUA-02,2025-11-10,AGUA-02_paquete_002_20251116.csv
2025-11-15 21:33:32,2025-11-15 21:34:15,Sin sesión,,,,13,AGUA-01,,21.31,24.0,12.41,1854.0,8.89,28.0,13,AGUA-01,2025-11-10,AGUA-01_paquete_002_20251116.csv
2025-11-15 22:04:49,2025-11-15 22:05:52,Sin sesión,,,,13,AGUA-02,,22.44,23.25,12.24,1619.0,8.18,24.0,13,AGUA-02,2025-11-10,AGUA-02_paquete_002_20251116.csv
2025-11-15 22:34:18,2025-11-15 22:35:01,Sin sesión,,,,13,AGUA-01,,21.0,23.75,12.4,1855.0,8.82,25.0,13,AGUA-01,2025-11-10,AGUA-01_paquete_002_20251116.csv
2025-11-15 23:05:52,2025-11-15 23:06:39,Sin sesión,,,,13,AGUA-02,,22.88,21.75,12.22,1610.0,8.11,22.0,13,AGUA-02,2025-11-10,AGUA-02_paquete_002_20251116.csv
2025-11-15 23:35:04,2025-11-15 23:35:47,Sin sesión,,,,13,AGUA-01,,20.75,23.5,12.39,1827.0,8.76,24.0,13,AGUA-01,2025-11-10,AGUA-01_paquete_002_20251116.csv
2025-11-16 00:06:41,2025-11-16 00:07:25,Sin sesión,,,,13,AGUA-02,,22.75,21.0,12.22,1602.0,8.1,20.0,13,AGUA-02,2025-11-10,AGUA-02_paquete_002_20251116.csv
2025-11-16 00:35:44,2025-11-16 00:36:26,Sin sesión,,,,13,AGUA-01,,20.69,22.0,12.39,1829.0,8.69,25.0,13,AGUA-01,2025-11-10,AGUA-01_paquete_002_20251116.csv
2025-11-16 01:07:32,2025-11-16 01:08:16,Sin sesión,,,,13,AGUA-02,,22.56,20.75,12.21,1596.0,8.1,22.0,13,AGUA-02,2025-11-10,AGUA-02_paquete_002_20251116.csv
2025-11-16 01:36:28,2025-11-16 01:37:11,Sin sesión,,,,13,AGUA-01,,20.56,21.75,12.39,1828.0,8.61,22.0,13,AGUA-01,2025-11-10,AGUA-01_paquete_002_20251116.csv
2025-11-16 02:08:18,2025-11-16 02:09:22,Sin sesión,,,,13,AGUA-02,,22.44,20.25,12.21,1588.0,8.09,22.0,13,AGUA-02,2025-11-10,AGUA-02_paquete_002_20251116.csv
2025-11-16 02:37:14,2025-11-16 02:37:56,Sin sesión,,,,13,AGUA-01,,20.62,21.25,12.39,1823.0,8.65,22.0,13,AGUA-01,2025-11-10,AGUA-01_paquete_002_20251116.csv
2025-11-16 03:09:24,2025-11-16 03:10:07,Sin sesión,,,,13,AGUA-02,,22.5,20.0,12.19,1581.0,8.09,19.0,13,AGUA-02,2025-11-10,AGUA-02_paquete_002_20251116.csv
2025-11-16 03:37:57,2025-11-16 03:38:39,Sin sesión,,,,13,AGUA-01,,20.5,21.0,12.39,1831.0,8.53,25.0,13,AGUA-01,2025-11-10,AGUA-01_paquete_002_20251116.csv
2025-11-16 04:10:12,2025-11-16 04:11:04,Sin sesión,,,,13,AGUA-02,,22.25,19.75,12.19,1573.0,8.07,21.0,13,AGUA-02,2025-11-10,AGUA-02_paquete_002_20251116.csv
2025-11-16 04:38:45,2025-11-16 04:39:27,Sin sesión,,,,13,AGUA-01,,20.31,21.5,12.36,1835.0,8.47,27.0,13,AGUA-01,2025-11-10,AGUA-01_paquete_002_20251116.csv
2025-11-16 05:11:07,2025-11-16 05:12:00,Sin sesión,,,,13,AGUA-02,,21.44,19.5,12.19,1566.0,8.03,23.0,13,AGUA-02,2025-11-10,AGUA-02_paquete_002_20251116.csv
2025-11-16 05:39:33,2025-11-16 05:40:16,Sin sesión,,,,13,AGUA-01,,20.25,21.75,12.38,1840.0,8.46,24.0,13,AGUA-01,2025-11-10,AGUA-01_paquete_002_20251116.csv
2025-11-16 06:12:05,2025-11-16 06:13:09,Sin sesión,,,,13,AGUA-02,,21.19,19.5,12.18,1555.0,8.02,22.0,13,AGUA-02,2025-11-10,AGUA-02_paquete_002_20251116.csv
2025-11-16 06:40:18,2025-11-16 06:41:01,Sin sesión,,,,13,AGUA-01,,20.19,21.0,12.37,1833.0,8.44,25.0,13,AGUA-01,2025-11-10,AGUA-01_paquete_002_20251116.csv
2025-11-16 07:13:14,2025-11-16 07:14:33,Sin sesión,,,,13,AGUA-02,,21.0,19.25,12.18,1543.0,7.99,6.0,13,AGUA-02,2025-11-10,AGUA-02_paquete_002_20251116.csv
2025-11-16 07:41:04,2025-11-16 07:41:47,Sin sesión,,,,13,AGUA-01,,20.06,21.25,12.39,1835.0,8.43,25.0,13,AGUA-01,2025-11-10,AGUA-01_paquete_002_20251116.csv
2025-11-16 08:14:39,2025-11-16 08:15:35,Sin sesión,,,,13,AGUA-02,,21.25,20.25,12.19,1538.0,7.99,6.0,13,AGUA-02,2025-11-10,AGUA-02_paquete_002_20251116.csv
2025-11-16 08:42:02,2025-11-16 08:42:44,Sin sesión,,,,13,AGUA-01,,20.19,25.75,12.39,1806.0,8.37,23.0,13,AGUA-01,2025-11-10,AGUA-01_paquete_002_20251116.csv
2025-11-16 09:15:45,2025-11-16 09:16:31,Sin sesión,,,,13,AGUA-02,,20.56,22.25,12.18,1552.0,7.9,22.0,13,AGUA-02,2025-11-10,AGUA-02_paquete_002_20251116.csv
2025-11-16 09:42:56,2025-11-16 09:43:39,Sin sesión,,,,13,AGUA-01,,20.5,29.75,12.42,1810.0,8.6,24.0,13,AGUA-01,2025-11-10,AGUA-01_paquete_002_20251116.csv
2025-11-16 10:16:44,2025-11-16 10:17:41,Sin sesión,,,,13,AGUA-02,,20.75,24.25,12.23,1568.0,7.76,19.0,13,AGUA-02,2025-11-10,AGUA-02_paquete_002_20251116.csv
2025-11-16 10:43:58,2025-11-16 10:44:40,Sin sesión,,,,13,AGUA-01,,21.5,34.25,12.44,1829.0,8.68,28.0,13,AGUA-01,2025-11-10,AGUA-01_paquete_002_20251116.csv
2025-11-16 11:17:57,2025-11-16 11:18:41,Sin sesión,,,,13,AGUA-02,,21.75,26.25,12.24,1590.0,8.04,22.0,13,AGUA-02,2025-11-10,AGUA-02_paquete_002_20251116.csv
2025-11-16 11:44:56,2025-11-16 11:45:39,Sin sesión,,,,13,AGUA-01,,23.06,36.25,12.46,1877.0,7.99,24.0,13,AGUA-01,2025-11-10,AGUA-01_paquete_002_20251116.csv
2025-11-16 12:18:53,2025-11-16 12:19:57,Sin sesión,,,,13,AGUA-02,,23.69,28.25,12.24,1614.0,7.49,22.0,13,AGUA-02,2025-11-10,AGUA-02_paquete_002_20251116.csv
2025-11-16 12:45:42,2025-11-16 12:46:24,Sin sesión,,,,13,AGUA-01,,23.06,36.5,12.46,1894.0,7.51,23.0,13,AGUA-01,2025-11-10,AGUA-01_paquete_002_20251116.csv
2025-11-16 13:20:14,2025-11-16 13:21:43,Sin sesión,,,,13,AGUA-02,,24.12,32.25,12.25,1656.0,7.4,11.0,13,AGUA-02,2025-11-10,AGUA-02_paquete_002_20251116.csv
2025-11-16 13:46:24,2025-11-16 13:47:06,Sin sesión,,,,13,AGUA-01,,23.44,34.25,12.46,1920.0,8.26,26.0,13,AGUA-01,2025-11-10,AGUA-01_paquete_002_20251116.csv
2025-11-16 14:21:58,2025-11-16 14:22:59,Sin sesión,,,,13,AGUA-02,,25.31,34.75,12.27,1692.0,7.52,9.0,13,AGUA-02,2025-11-10,AGUA-02_paquete_002_20251116.csv
2025-11-16 14:47:07,2025-11-16 14:47:50,Sin sesión,,,,13,AGUA-01,,22.25,34.75,12.47,1865.0,8.01,23.0,13,AGUA-01,2025-11-10,AGUA-01_paquete_002_20251116.csv
2025-11-16 15:23:20,2025-11-16 15:24:19,Sin sesión,,,,13,AGUA-02,,26.38,38.75,12.29,1734.0,7.66,23.0,13,AGUA-02,2025-11-10,AGUA-02_paquete_002_20251116.csv
2025-11-16 15:47:55,2025-11-16 15:48:38,Sin sesión,,,,13,AGUA-01,,22.25,35.0,12.47,1897.0,7.9,22.0,13,AGUA-01,2025-11-10,AGUA-01_paquete_002_20251116.csv
2025-11-16 16:24:31,2025-11-16 16:25:14,Sin sesión,,,,13,AGUA-02,,26.62,40.5,12.27,1735.0,7.78,23.0,13,AGUA-02,2025-11-10,AGUA-02_paquete_002_20251116.csv
2025-11-16 16:48:44,2025-11-16 16:49:27,Sin sesión,,,,13,AGUA-01,,22.5,35.75,12.47,1893.0,8.14,23.0,13,AGUA-01,2025-11-10,AGUA-01_paquete_002_20251116.csv
2025-11-16 17:49:33,2025-11-16 17:50:16,Sin sesión,,,,13,AGUA-01,,22.56,37.25,12.47,1882.0,8.23,23.0,13,AGUA-01,2025-11-10,AGUA-01_paquete_002_20251116.csv
2025-11-16 17:25:14,2025-11-16 18:28:23,Sin sesión,,,,13,AGUA-02,,26.88,39.25,12.29,1716.0,7.97,8.0,13,AGUA-02,2025-11-10,AGUA-02_paquete_002_20251116.csv
2025-11-16 18:26:58,2025-11-16 18:28:27,Sin sesión,,,,13,AGUA-02,,28.38,35.75,12.29,1681.0,8.08,8.0,13,AGUA-02,2025-11-10,AGUA-02_paquete_002_20251116.csv
2025-11-16 18:50:22,2025-11-16 18:51:04,Sin sesión,,,,13,AGUA-01,,22.56,36.5,12.47,1871.0,8.69,20.0,13,AGUA-01,2025-11-10,AGUA-01_paquete_002_20251116.csv
2025-11-16 19:28:12,2025-11-16 19:29:11,Sin sesión,,,,13,AGUA-02,,25.44,32.75,12.27,1616.0,8.2,9.0,13,AGUA-02,2025-11-10,AGUA-02_paquete_002_20251116.csv
2025-11-16 19:51:02,2025-11-16 19:51:45,Sin sesión,,,,13,AGUA-01,,22.56,34.0,12.47,1843.0,8.77,22.0,13,AGUA-01,2025-11-10,AGUA-01_paquete_002_20251116.csv
2025-11-16 20:29:01,2025-11-16 20:29:58,Sin sesión,,,,13,AGUA-02,,25.12,29.25,12.26,1687.0,8.21,22.0,13,AGUA-02,2025-11-10,AGUA-02_paquete_002_20251116.csv
2025-11-16 20:51:31,2025-11-16 20:52:13,Sin sesión,,,,13,AGUA-01,,21.81,28.75,12.45,1833.0,8.86,22.0,13,AGUA-01,2025-11-10,AGUA-01_paquete_002_20251116.csv
2025-11-16 21:29:50,2025-11-16 21:30:42,Sin sesión,,,,13,AGUA-02,,24.62,26.5,12.24,1669.0,8.2,18.0,13,AGUA-02,2025-11-10,AGUA-02_paquete_002_20251116.csv
2025-11-16 21:52:11,2025-11-16 21:52:53,Sin sesión,,,,13,AGUA-01,,21.69,27.5,12.42,1833.0,8.74,22.0,13,AGUA-01,2025-11-10,AGUA-01_paquete_002_20251116.csv
2025-11-16 22:30:38,2025-11-16 22:31:22,Sin sesión,,,,13,AGUA-02,,24.19,24.75,12.24,1667.0,8.17,23.0,13,AGUA-02,2025-11-10,AGUA-02_paquete_002_20251116.csv
2025-11-16 22:52:52,2025-11-16 22:53:35,Sin sesión,,,,13,AGUA-01,,21.5,25.75,12.42,1830.0,8.76,26.0,13,AGUA-01,2025-11-10,AGUA-01_paquete_002_20251116.csv
2025-11-16 23:31:21,2025-11-16 23:32:49,Sin sesión,,,,13,AGUA-02,,24.06,23.75,12.23,1652.0,8.14,5.0,13,AGUA-02,2025-11-10,AGUA-02_paquete_002_20251116.csv
2025-11-16 23:53:33,2025-11-16 23:54:16,Sin sesión,,,,13,AGUA-01,,21.38,25.0,12.41,1834.0,8.68,26.0,13,AGUA-01,2025-11-10,AGUA-01_paquete_002_20251116.csv
2025-11-17 00:32:51,2025-11-17 00:33:45,Sin sesión,,,,13,AGUA-02,,24.25,22.5,12.22,1642.0,8.08,6.0,13,AGUA-02,2025-11-17,AGUA-02_paquete_001_20251120.csv
2025-11-17 00:54:24,2025-11-17 00:55:07,Sin sesión,,,,13,AGUA-01,,21.19,26.5,12.41,1832.0,8.59,22.0,13,AGUA-01,2025-11-17,AGUA-01_paquete_001_20251120.csv
2025-11-17 01:33:54,2025-11-17 01:34:38,Sin sesión,,,,13,AGUA-02,,23.69,21.25,12.2,1632.0,8.06,19.0,13,AGUA-02,2025-11-17,AGUA-02_paquete_001_20251120.csv
2025-11-17 01:55:02,2025-11-17 01:55:45,Sin sesión,,,,13,AGUA-01,,21.06,24.25,12.4,1834.0,8.55,23.0,13,AGUA-01,2025-11-17,AGUA-01_paquete_001_20251120.csv
2025-11-17 02:34:37,2025-11-17 02:35:57,Sin sesión,,,,13,AGUA-02,,23.31,20.25,12.2,1624.0,8.01,9.0,13,AGUA-02,2025-11-17,AGUA-02_paquete_001_20251120.csv
2025-11-17 02:55:41,2025-11-17 02:56:23,Sin sesión,,,,13,AGUA-01,,20.94,21.75,12.39,1828.0,8.54,22.0,13,AGUA-01,2025-11-17,AGUA-01_paquete_001_20251120.csv
2025-11-17 03:35:59,2025-11-17 03:36:54,Sin sesión,,,,13,AGUA-02,,22.94,19.5,12.19,1613.0,7.96,7.0,13,AGUA-02,2025-11-17,AGUA-02_paquete_001_20251120.csv
2025-11-17 03:56:22,2025-11-17 03:57:05,Sin sesión,,,,13,AGUA-01,,20.81,20.5,12.39,1819.0,8.59,23.0,13,AGUA-01,2025-11-17,AGUA-01_paquete_001_20251120.csv
2025-11-17 04:37:07,2025-11-17 04:38:27,Sin sesión,,,,13,AGUA-02,,22.5,18.75,12.18,1600.0,7.95,9.0,13,AGUA-02,2025-11-17,AGUA-02_paquete_001_20251120.csv
2025-11-17 04:57:02,2025-11-17 04:57:45,Sin sesión,,,,13,AGUA-01,,20.69,19.25,12.38,1831.0,8.56,23.0,13,AGUA-01,2025-11-17,AGUA-01_paquete_001_20251120.csv
2025-11-17 05:38:31,2025-11-17 05:39:28,Sin sesión,,,,13,AGUA-02,,22.12,18.25,12.18,1587.0,7.95,8.0,13,AGUA-02,2025-11-17,AGUA-02_paquete_001_20251120.csv
2025-11-17 05:57:45,2025-11-17 05:58:28,Sin sesión,,,,13,AGUA-01,,20.62,18.5,12.37,1838.0,8.51,25.0,13,AGUA-01,2025-11-17,AGUA-01_paquete_001_20251120.csv
2025-11-17 06:58:28,2025-11-17 06:59:11,Sin sesión,,,,13,AGUA-01,,20.56,18.75,12.36,1848.0,8.47,23.0,13,AGUA-01,2025-11-17,AGUA-01_paquete_001_20251120.csv
2025-11-17 07:41:26,2025-11-17 07:42:21,Sin sesión,,,,13,AGUA-02,,21.38,19.0,12.18,1564.0,7.96,9.0,13,AGUA-02,2025-11-17,AGUA-02_paquete_001_20251120.csv
2025-11-17 07:59:23,2025-11-17 08:00:06,Sin sesión,,,,13,AGUA-01,,20.44,23.5,12.39,1857.0,8.32,26.0,13,AGUA-01,2025-11-17,AGUA-01_paquete_001_20251120.csv
2025-11-17 08:42:49,2025-11-17 08:43:46,Sin sesión,,,,13,AGUA-02,,21.0,23.25,12.2,1565.0,7.94,24.0,13,AGUA-02,2025-11-17,AGUA-02_paquete_001_20251120.csv
2025-11-17 09:00:36,2025-11-17 09:01:18,Sin sesión,,,,13,AGUA-01,,20.69,28.0,12.42,1851.0,7.98,25.0,13,AGUA-01,2025-11-17,AGUA-01_paquete_001_20251120.csv
2025-11-17 09:44:04,2025-11-17 09:45:08,Sin sesión,,,,13,AGUA-02,,22.44,26.25,12.2,1581.0,7.5,19.0,13,AGUA-02,2025-11-17,AGUA-02_paquete_001_20251120.csv
2025-11-17 10:01:38,2025-11-17 10:02:20,Sin sesión,,,,13,AGUA-01,,21.69,34.5,12.45,1830.0,8.54,25.0,13,AGUA-01,2025-11-17,AGUA-01_paquete_001_20251120.csv
2025-11-17 10:45:20,2025-11-17 10:46:03,Sin sesión,,,,13,AGUA-02,,21.69,28.25,12.2,1596.0,7.88,21.0,13,AGUA-02,2025-11-17,AGUA-02_paquete_001_20251120.csv
2025-11-17 11:02:35,2025-11-17 11:03:18,Sin sesión,,,,13,AGUA-01,,22.5,37.0,12.45,1880.0,8.12,23.0,13,AGUA-01,2025-11-17,AGUA-01_paquete_001_20251120.csv
2025-11-17 11:46:16,2025-11-17 11:47:09,Sin sesión,,,,13,AGUA-02,,24.19,30.5,12.24,1614.0,7.71,23.0,13,AGUA-02,2025-11-17,AGUA-02_paquete_001_20251120.csv
2025-11-17 12:03:26,2025-11-17 12:04:09,Sin sesión,,,,13,AGUA-01,,23.44,39.0,12.45,1919.0,7.31,23.0,13,AGUA-01,2025-11-17,AGUA-01_paquete_001_20251120.csv
2025-11-17 12:47:23,2025-11-17 12:48:18,Sin sesión,,,,13,AGUA-02,,23.69,33.25,12.24,1641.0,6.87,21.0,13,AGUA-02,2025-11-17,AGUA-02_paquete_001_20251120.csv
2025-11-17 13:04:18,2025-11-17 13:05:01,Sin sesión,,,,13,AGUA-01,,24.12,40.75,12.47,1966.0,6.57,23.0,13,AGUA-01,2025-11-17,AGUA-01_paquete_001_20251120.csv
2025-11-17 13:48:40,2025-11-17 13:49:24,Sin sesión,,,,13,AGUA-02,,24.19,37.25,12.27,1658.0,7.29,22.0,13,AGUA-02,2025-11-17,AGUA-02_paquete_001_20251120.csv
2025-11-17 14:05:43,2025-11-17 14:06:26,Sin sesión,,,,13,AGUA-01,,25.0,43.0,12.48,2001.0,6.58,25.0,13,AGUA-01,2025-11-17,AGUA-01_paquete_001_20251120.csv
2025-11-17 14:49:34,2025-11-17 14:50:18,Sin sesión,,,,13,AGUA-02,,24.75,40.0,12.27,1671.0,6.91,24.0,13,AGUA-02,2025-11-17,AGUA-02_paquete_001_20251120.csv
2025-11-17 15:07:03,2025-11-17 15:07:45,Sin sesión,,,,13,AGUA-01,,23.62,41.25,12.47,1931.0,6.82,25.0,13,AGUA-01,2025-11-17,AGUA-01_paquete_001_20251120.csv
2025-11-17 15:50:45,2025-11-17 15:51:49,Sin sesión,,,,13,AGUA-02,,25.12,43.25,12.29,1678.0,7.17,23.0,13,AGUA-02,2025-11-17,AGUA-02_paquete_001_20251120.csv
2025-11-17 16:09:13,2025-11-17 16:09:55,Sin sesión,,,,13,AGUA-01,,23.12,42.0,12.48,1916.0,6.8,28.0,13,AGUA-01,2025-11-17,AGUA-01_paquete_001_20251120.csv
2025-11-17 16:51:50,2025-11-17 16:52:34,Sin sesión,,,,13,AGUA-02,,25.38,43.0,12.31,1683.0,7.47,24.0,13,AGUA-02,2025-11-17,AGUA-02_paquete_001_20251120.csv
2025-11-17 17:11:23,2025-11-17 17:12:05,Sin sesión,,,,13,AGUA-01,,23.06,41.5,12.47,1930.0,7.58,26.0,13,AGUA-01,2025-11-17,AGUA-01_paquete_001_20251120.csv
2025-11-17 17:52:40,2025-11-17 17:53:24,Sin sesión,,,,13,AGUA-02,,25.44,43.25,12.28,1678.0,7.66,23.0,13,AGUA-02,2025-11-17,AGUA-02_paquete_001_20251120.csv
2025-11-17 18:13:54,2025-11-17 18:14:37,Sin sesión,,,,13,AGUA-01,,0.0,41.25,12.47,0.0,0.0,23.0,13,AGUA-01,2025-11-17,AGUA-01_paquete_001_20251120.csv
2025-11-17 19:16:25,2025-11-17 19:17:08,Sin sesión,,,,13,AGUA-01,,0.0,39.75,12.49,0.0,0.0,24.0,13,AGUA-01,2025-11-17,AGUA-01_paquete_001_20251120.csv
2025-11-17 19:54:47,2025-11-17 19:55:47,Sin sesión,,,,13,AGUA-02,,27.5,36.25,12.3,1672.0,8.03,6.0,13,AGUA-02,2025-11-17,AGUA-02_paquete_001_20251120.csv
2025-11-17 20:18:57,2025-11-17 20:19:40,Sin sesión,,,,13,AGUA-01,,0.0,36.75,12.47,0.0,0.0,23.0,13,AGUA-01,2025-11-17,AGUA-01_paquete_001_20251120.csv
2025-11-17 20:55:46,2025-11-17 20:56:29,Sin sesión,,,,13,AGUA-02,,24.75,32.5,12.27,1656.0,8.14,19.0,13,AGUA-02,2025-11-17,AGUA-02_paquete_001_20251120.csv
2025-11-17 21:21:08,2025-11-17 21:21:51,Sin sesión,,,,13,AGUA-01,,0.0,32.25,12.44,0.0,0.0,22.0,13,AGUA-01,2025-11-17,AGUA-01_paquete_001_20251120.csv
2025-11-17 21:56:21,2025-11-17 21:57:04,Sin sesión,,,,13,AGUA-02,,24.5,29.0,12.24,1640.0,8.11,23.0,13,AGUA-02,2025-11-17,AGUA-02_paquete_001_20251120.csv
2025-11-17 22:23:37,2025-11-17 22:24:19,Sin sesión,,,,13,AGUA-01,,0.0,30.0,12.41,0.0,0.0,25.0,13,AGUA-01,2025-11-17,AGUA-01_paquete_001_20251120.csv
2025-11-17 22:56:58,2025-11-17 22:58:25,Sin sesión,,,,13,AGUA-02,,24.12,27.0,12.24,1626.0,8.06,7.0,13,AGUA-02,2025-11-17,AGUA-02_paquete_001_20251120.csv
2025-11-17 23:26:09,2025-11-17 23:26:51,Sin sesión,,,,13,AGUA-01,,0.0,29.75,12.41,0.0,0.0,22.0,13,AGUA-01,2025-11-17,AGUA-01_paquete_001_20251120.csv
2025-11-17 23:58:23,2025-11-17 23:59:30,Sin sesión,,,,13,AGUA-02,,23.75,25.25,12.24,1616.0,8.03,10.0,13,AGUA-02,2025-11-17,AGUA-02_paquete_001_20251120.csv
2025-11-18 00:28:44,2025-11-18 00:29:26,Sin sesión,,,,13,AGUA-01,,0.0,29.25,12.42,0.0,0.0,22.0,13,AGUA-01,2025-11-17,AGUA-01_paquete_001_20251120.csv
2025-11-18 00:59:29,2025-11-18 01:00:17,Sin sesión,,,,13,AGUA-02,,24.31,23.5,12.24,1609.0,7.97,20.0,13,AGUA-02,2025-11-17,AGUA-02_paquete_001_20251120.csv
2025-11-18 01:31:10,2025-11-18 01:31:53,Sin sesión,,,,13,AGUA-01,,0.0,28.75,12.39,0.0,0.0,22.0,13,AGUA-01,2025-11-17,AGUA-01_paquete_001_20251120.csv
2025-11-18 02:00:18,2025-11-18 02:01:02,Sin sesión,,,,13,AGUA-02,,23.81,22.25,12.21,1602.0,7.93,22.0,13,AGUA-02,2025-11-17,AGUA-02_paquete_001_20251120.csv
2025-11-18 02:33:43,2025-11-18 02:34:26,Sin sesión,,,,13,AGUA-01,,0.0,27.5,12.39,0.0,0.0,23.0,13,AGUA-01,2025-11-17,AGUA-01_paquete_001_20251120.csv
2025-11-18 03:01:02,2025-11-18 03:02:11,Sin sesión,,,,13,AGUA-02,,23.38,21.25,12.19,1594.0,7.9,7.0,13,AGUA-02,2025-11-17,AGUA-02_paquete_001_20251120.csv
2025-11-18 03:36:15,2025-11-18 03:36:58,Sin sesión,,,,13,AGUA-01,,0.0,26.5,12.39,0.0,0.0,23.0,13,AGUA-01,2025-11-17,AGUA-01_paquete_001_20251120.csv
2025-11-18 04:38:44,2025-11-18 04:39:27,Sin sesión,,,,13,AGUA-01,,0.0,24.75,12.39,0.0,0.0,21.0,13,AGUA-01,2025-11-17,AGUA-01_paquete_001_20251120.csv
2025-11-18 04:02:21,2025-11-18 05:05:09,Sin sesión,,,,13,AGUA-02,,22.94,20.5,12.2,1579.0,7.83,22.0,13,AGUA-02,2025-11-17,AGUA-02_paquete_001_20251120.csv
2025-11-18 05:04:12,2025-11-18 05:05:13,Sin sesión,,,,13,AGUA-02,,22.56,19.75,12.19,1568.0,7.87,22.0,13,AGUA-02,2025-11-17,AGUA-02_paquete_001_20251120.csv
2025-11-18 05:41:10,2025-11-18 05:41:53,Sin sesión,,,,13,AGUA-01,,0.0,23.75,12.38,0.0,0.0,23.0,13,AGUA-01,2025-11-17,AGUA-01_paquete_001_20251120.csv
2025-11-18 06:05:15,2025-11-18 06:06:08,Sin sesión,,,,13,AGUA-02,,22.19,19.0,12.18,1558.0,7.88,20.0,13,AGUA-02,2025-11-17,AGUA-02_paquete_001_20251120.csv
2025-11-18 06:43:42,2025-11-18 06:44:25,Sin sesión,,,,13,AGUA-01,,0.0,22.5,12.38,0.0,0.0,23.0,13,AGUA-01,2025-11-17,AGUA-01_paquete_001_20251120.csv
2025-11-18 07:06:09,2025-11-18 07:07:13,Sin sesión,,,,13,AGUA-02,,21.88,18.75,12.18,1575.0,7.91,22.0,13,AGUA-02,2025-11-17,AGUA-02_paquete_001_20251120.csv
2025-11-18 07:46:14,2025-11-18 07:46:57,Sin sesión,,,,13,AGUA-01,,0.0,24.75,12.39,0.0,0.0,23.0,13,AGUA-01,2025-11-17,AGUA-01_paquete_001_20251120.csv
2025-11-18 08:07:21,2025-11-18 08:08:05,Sin sesión,,,,13,AGUA-02,,22.06,21.5,12.2,1572.0,7.93,20.0,13,AGUA-02,2025-11-17,AGUA-02_paquete_001_20251120.csv
2025-11-18 09:08:27,2025-11-18 09:09:19,Sin sesión,,,,13,AGUA-02,,21.38,25.0,12.19,1576.0,7.74,20.0,13,AGUA-02,2025-11-17,AGUA-02_paquete_001_20251120.csv
2025-11-18 09:51:55,2025-11-18 09:52:38,Sin sesión,,,,13,AGUA-01,,0.0,34.25,12.43,0.0,0.0,23.0,13,AGUA-01,2025-11-17,AGUA-01_paquete_001_20251120.csv
2025-11-18 10:09:34,2025-11-18 10:10:18,Sin sesión,,,,13,AGUA-02,,23.56,27.25,12.2,1585.0,7.46,22.0,13,AGUA-02,2025-11-17,AGUA-02_paquete_001_20251120.csv
2025-11-18 10:54:50,2025-11-18 10:55:33,Sin sesión,,,,13,AGUA-01,,0.0,37.5,12.45,0.0,0.0,25.0,13,AGUA-01,2025-11-17,AGUA-01_paquete_001_20251120.csv
2025-11-18 11:10:32,2025-11-18 11:11:35,Sin sesión,,,,13,AGUA-02,,22.06,29.25,12.23,1605.0,7.92,21.0,13,AGUA-02,2025-11-17,AGUA-02_paquete_001_20251120.csv
2025-11-18 11:57:31,2025-11-18 11:58:14,Sin sesión,,,,13,AGUA-01,,0.0,39.75,12.46,0.0,0.0,22.0,13,AGUA-01,2025-11-17,AGUA-01_paquete_001_20251120.csv
2025-11-18 12:11:47,2025-11-18 12:12:39,Sin sesión,,,,13,AGUA-02,,22.94,31.25,12.24,1608.0,7.13,24.0,13,AGUA-02,2025-11-17,AGUA-02_paquete_001_20251120.csv
2025-11-18 13:00:08,2025-11-18 13:00:51,Sin sesión,,,,13,AGUA-01,,0.0,39.5,12.46,0.0,0.0,22.0,13,AGUA-01,2025-11-17,AGUA-01_paquete_001_20251120.csv
2025-11-18 13:12:55,2025-11-18 13:13:39,Sin sesión,,,,13,AGUA-02,,23.5,34.75,12.25,1638.0,6.75,21.0,13,AGUA-02,2025-11-17,AGUA-02_paquete_001_20251120.csv
2025-11-18 14:01:55,2025-11-18 14:02:38,Sin sesión,,,,13,AGUA-01,,23.25,38.25,12.46,2061.0,7.71,25.0,13,AGUA-01,2025-11-17,AGUA-01_paquete_001_20251120.csv
2025-11-18 14:13:58,2025-11-18 14:15:02,Sin sesión,,,,13,AGUA-02,,24.94,37.25,12.27,1693.0,7.11,24.0,13,AGUA-02,2025-11-17,AGUA-02_paquete_001_20251120.csv
2025-11-18 15:04:32,2025-11-18 15:05:15,Sin sesión,,,,13,AGUA-01,,0.0,39.0,12.46,0.0,0.0,26.0,13,AGUA-01,2025-11-17,AGUA-01_paquete_001_20251120.csv
2025-11-18 15:15:24,2025-11-18 15:16:28,Sin sesión,,,,13,AGUA-02,,25.44,42.0,12.27,1721.0,7.1,19.0,13,AGUA-02,2025-11-17,AGUA-02_paquete_001_20251120.csv
2025-11-18 16:07:07,2025-11-18 16:07:50,Sin sesión,,,,13,AGUA-01,,0.0,39.75,12.47,0.0,0.0,23.0,13,AGUA-01,2025-11-17,AGUA-01_paquete_001_20251120.csv
2025-11-18 16:16:40,2025-11-18 16:17:24,Sin sesión,,,,13,AGUA-02,,26.12,43.75,12.29,1728.0,7.36,22.0,13,AGUA-02,2025-11-17,AGUA-02_paquete_001_20251120.csv
2025-11-18 17:09:45,2025-11-18 17:10:28,Sin sesión,,,,13,AGUA-01,,0.0,40.75,12.47,0.0,0.0,26.0,13,AGUA-01,2025-11-17,AGUA-01_paquete_001_20251120.csv
2025-11-18 17:17:31,2025-11-18 17:18:15,Sin sesión,,,,13,AGUA-02,,26.25,43.0,12.3,1713.0,7.64,19.0,13,AGUA-02,2025-11-17,AGUA-02_paquete_001_20251120.csv
2025-11-18 18:12:23,2025-11-18 18:13:06,Sin sesión,,,,13,AGUA-01,,0.0,40.75,12.47,0.0,0.0,26.0,13,AGUA-01,2025-11-17,AGUA-01_paquete_001_20251120.csv
2025-11-18 19:14:55,2025-11-18 19:15:38,Sin sesión,,,,13,AGUA-01,,0.0,39.75,12.47,0.0,0.0,22.0,13,AGUA-01,2025-11-17,AGUA-01_paquete_001_20251120.csv
2025-11-18 19:19:37,2025-11-18 19:20:47,Sin sesión,,,,13,AGUA-02,,27.38,37.0,12.3,1662.0,8.01,10.0,13,AGUA-02,2025-11-17,AGUA-02_paquete_001_20251120.csv
2025-11-18 20:17:23,2025-11-18 20:18:06,Sin sesión,,,,13,AGUA-01,,0.0,35.25,12.45,0.0,0.0,24.0,13,AGUA-01,2025-11-17,AGUA-01_paquete_001_20251120.csv
2025-11-18 20:20:39,2025-11-18 20:21:37,Sin sesión,,,,13,AGUA-02,,23.88,33.75,12.27,1630.0,8.08,22.0,13,AGUA-02,2025-11-17,AGUA-02_paquete_001_20251120.csv
2025-11-18 21:19:36,2025-11-18 21:20:19,Sin sesión,,,,13,AGUA-01,,0.0,31.75,12.44,0.0,0.0,25.0,13,AGUA-01,2025-11-17,AGUA-01_paquete_001_20251120.csv
2025-11-18 21:21:32,2025-11-18 21:22:25,Sin sesión,,,,13,AGUA-02,,24.06,31.75,12.26,1660.0,8.12,22.0,13,AGUA-02,2025-11-17,AGUA-02_paquete_001_20251120.csv
2025-11-18 22:22:07,2025-11-18 22:22:50,Sin sesión,,,,13,AGUA-01,,0.0,30.75,12.42,0.0,0.0,24.0,13,AGUA-01,2025-11-17,AGUA-01_paquete_001_20251120.csv
2025-11-18 22:22:19,2025-11-18 22:23:46,Sin sesión,,,,13,AGUA-02,,23.88,28.5,12.24,1651.0,8.1,5.0,13,AGUA-02,2025-11-17,AGUA-02_paquete_001_20251120.csv
2025-11-18 23:23:45,2025-11-18 23:24:48,Sin sesión,,,,13,AGUA-02,,23.56,26.0,12.23,1642.0,8.11,6.0,13,AGUA-02,2025-11-17,AGUA-02_paquete_001_20251120.csv
2025-11-18 23:24:36,2025-11-18 23:25:19,Sin sesión,,,,13,AGUA-01,,0.0,29.5,12.4,0.0,0.0,24.0,13,AGUA-01,2025-11-17,AGUA-01_paquete_001_20251120.csv
2025-11-19 00:24:56,2025-11-19 00:25:55,Sin sesión,,,,13,AGUA-02,,23.44,24.25,12.23,1632.0,8.09,21.0,13,AGUA-02,2025-11-17,AGUA-02_paquete_001_20251120.csv
2025-11-19 00:27:05,2025-11-19 00:27:48,Sin sesión,,,,13,AGUA-01,,0.0,27.75,12.4,0.0,0.0,23.0,13,AGUA-01,2025-11-17,AGUA-01_paquete_001_20251120.csv
2025-11-19 01:25:55,2025-11-19 01:27:16,Sin sesión,,,,13,AGUA-02,,24.12,23.0,12.21,1630.0,8.03,7.0,13,AGUA-02,2025-11-17,AGUA-02_paquete_001_20251120.csv
2025-11-19 01:29:35,2025-11-19 01:30:18,Sin sesión,,,,13,AGUA-01,,0.0,26.5,12.39,0.0,0.0,23.0,13,AGUA-01,2025-11-17,AGUA-01_paquete_001_20251120.csv
2025-11-19 02:27:16,2025-11-19 02:28:10,Sin sesión,,,,13,AGUA-02,,23.38,22.0,12.19,1617.0,8.01,6.0,13,AGUA-02,2025-11-17,AGUA-02_paquete_001_20251120.csv
2025-11-19 02:32:02,2025-11-19 02:32:45,Sin sesión,,,,13,AGUA-01,,0.0,25.25,12.39,0.0,0.0,22.0,13,AGUA-01,2025-11-17,AGUA-01_paquete_001_20251120.csv
2025-11-19 03:28:11,2025-11-19 03:29:02,Sin sesión,,,,13,AGUA-02,,23.06,20.75,12.18,1607.0,8.02,20.0,13,AGUA-02,2025-11-17,AGUA-02_paquete_001_20251120.csv
2025-11-19 03:34:32,2025-11-19 03:35:15,Sin sesión,,,,13,AGUA-01,,0.0,23.25,12.39,0.0,0.0,24.0,13,AGUA-01,2025-11-17,AGUA-01_paquete_001_20251120.csv
2025-11-19 04:29:03,2025-11-19 04:30:25,Sin sesión,,,,13,AGUA-02,,22.75,19.75,12.2,1600.0,8.02,4.0,13,AGUA-02,2025-11-17,AGUA-02_paquete_001_20251120.csv
2025-11-19 04:36:59,2025-11-19 04:37:43,Sin sesión,,,,13,AGUA-01,,0.0,21.25,12.37,0.0,0.0,21.0,13,AGUA-01,2025-11-17,AGUA-01_paquete_001_20251120.csv
2025-11-19 05:30:29,2025-11-19 05:31:24,Sin sesión,,,,13,AGUA-02,,22.5,19.0,12.18,1588.0,8.01,5.0,13,AGUA-02,2025-11-17,AGUA-02_paquete_001_20251120.csv
2025-11-19 05:39:26,2025-11-19 05:40:09,Sin sesión,,,,13,AGUA-01,,0.0,20.0,12.36,0.0,0.0,23.0,13,AGUA-01,2025-11-17,AGUA-01_paquete_001_20251120.csv
2025-11-19 06:31:32,2025-11-19 06:32:25,Sin sesión,,,,13,AGUA-02,,22.31,18.25,12.18,1572.0,8.01,22.0,13,AGUA-02,2025-11-17,AGUA-02_paquete_001_20251120.csv
2025-11-19 06:41:56,2025-11-19 06:42:39,Sin sesión,,,,13,AGUA-01,,0.0,19.0,12.35,0.0,0.0,26.0,13,AGUA-01,2025-11-17,AGUA-01_paquete_001_20251120.csv
2025-11-19 07:32:29,2025-11-19 07:33:52,Sin sesión,,,,13,AGUA-02,,22.0,18.75,12.18,1568.0,7.98,5.0,13,AGUA-02,2025-11-17,AGUA-02_paquete_001_20251120.csv
2025-11-19 07:44:34,2025-11-19 07:45:17,Sin sesión,,,,13,AGUA-01,,0.0,22.0,12.38,0.0,0.0,24.0,13,AGUA-01,2025-11-17,AGUA-01_paquete_001_20251120.csv
2025-11-19 08:34:08,2025-11-19 08:35:02,Sin sesión,,,,13,AGUA-02,,22.25,21.25,12.19,1566.0,7.98,8.0,13,AGUA-02,2025-11-17,AGUA-02_paquete_001_20251120.csv
2025-11-19 08:47:34,2025-11-19 08:48:17,Sin sesión,,,,13,AGUA-01,,0.0,28.25,12.39,0.0,0.0,25.0,13,AGUA-01,2025-11-17,AGUA-01_paquete_001_20251120.csv
2025-11-19 09:35:18,2025-11-19 09:36:03,Sin sesión,,,,13,AGUA-02,,21.75,24.0,12.2,1582.0,7.75,23.0,13,AGUA-02,2025-11-17,AGUA-02_paquete_001_20251120.csv
2025-11-19 09:50:17,2025-11-19 09:51:00,Sin sesión,,,,13,AGUA-01,,0.0,34.25,12.42,0.0,0.0,24.0,13,AGUA-01,2025-11-17,AGUA-01_paquete_001_20251120.csv
2025-11-19 10:36:17,2025-11-19 10:37:01,Sin sesión,,,,13,AGUA-02,,22.25,26.5,12.2,1599.0,7.89,21.0,13,AGUA-02,2025-11-17,AGUA-02_paquete_001_20251120.csv
2025-11-19 10:53:08,2025-11-19 10:53:51,Sin sesión,,,,13,AGUA-01,,0.0,38.25,12.44,0.0,0.0,21.0,13,AGUA-01,2025-11-17,AGUA-01_paquete_001_20251120.csv
2025-11-19 11:37:17,2025-11-19 11:38:01,Sin sesión,,,,13,AGUA-02,,23.0,29.0,12.22,1622.0,7.93,22.0,13,AGUA-02,2025-11-17,AGUA-02_paquete_001_20251120.csv
2025-11-19 11:55:41,2025-11-19 11:56:25,Sin sesión,,,,13,AGUA-01,,23.12,39.5,12.45,1987.0,7.76,26.0,13,AGUA-01,2025-11-17,AGUA-01_paquete_001_20251120.csv
2025-11-19 12:38:16,2025-11-19 12:49:19,Sin sesión,,,,13,AGUA-02,,24.75,31.75,12.24,1669.0,7.41,21.0,13,AGUA-02,2025-11-17,AGUA-02_paquete_001_20251120.csv
2025-11-19 12:57:45,2025-11-19 13:14:35,Sin sesión,,,,13,AGUA-01,,23.38,38.0,12.45,2063.0,7.81,23.0,13,AGUA-01,2025-11-17,AGUA-01_paquete_001_20251120.csv
2025-11-19 13:39:27,2025-11-19 14:10:19,Sin sesión,,,,13,AGUA-02,,25.81,35.25,12.25,1695.0,7.4,10.0,13,AGUA-02,2025-11-17,AGUA-02_paquete_001_20251120.csv
2025-11-19 14:00:21,2025-11-19 14:36:32,Sin sesión,,,,13,AGUA-01,,0.0,37.5,12.46,0.0,0.0,25.0,13,AGUA-01,2025-11-17,AGUA-01_paquete_001_20251120.csv
2025-11-19 14:41:11,2025-11-19 15:30:26,Sin sesión,,,,13,AGUA-02,,26.81,38.25,12.26,1727.0,7.57,11.0,13,AGUA-02,2025-11-17,AGUA-02_paquete_001_20251120.csv
2025-11-19 15:02:27,2025-11-19 15:57:35,Sin sesión,,,,13,AGUA-01,,23.38,36.75,12.46,2048.0,8.66,24.0,13,AGUA-01,2025-11-17,AGUA-01_paquete_001_20251120.csv
2025-11-19 15:42:46,2025-11-19 16:47:16,Sin sesión,,,,13,AGUA-02,,27.44,40.25,12.28,1745.0,7.78,11.0,13,AGUA-02,2025-11-17,AGUA-02_paquete_001_20251120.csv
2025-11-19 16:05:06,2025-11-19 17:14:03,Sin sesión,,,,13,AGUA-01,,0.0,36.25,12.46,0.0,0.0,25.0,13,AGUA-01,2025-11-17,AGUA-01_paquete_001_20251120.csv
2025-11-19 16:44:29,2025-11-19 17:17:15,Sin sesión,,,,13,AGUA-02,,27.94,40.5,12.28,1762.0,7.97,11.0,13,AGUA-02,2025-11-17,AGUA-02_paquete_001_20251120.csv
2025-11-19 17:07:50,2025-11-19 17:17:16,Sin sesión,,,,13,AGUA-01,,0.0,37.25,12.46,0.0,0.0,22.0,13,AGUA-01,2025-11-17,AGUA-01_paquete_001_20251120.csv
2025-11-19 17:45:51,2025-11-19 17:46:43,Sin sesión,,,,13,AGUA-02,,28.44,40.75,12.27,1739.0,8.02,22.0,13,AGUA-02,2025-11-17,AGUA-02_paquete_001_20251120.csv
2025-11-19 18:10:35,2025-11-19 18:11:18,Sin sesión,,,,13,AGUA-01,,0.0,37.25,12.46,0.0,0.0,25.0,13,AGUA-01,2025-11-17,AGUA-01_paquete_001_20251120.csv
2025-11-19 18:46:36,2025-11-19 18:47:28,Sin sesión,,,,13,AGUA-02,,29.5,35.0,12.28,1717.0,8.15,20.0,13,AGUA-02,2025-11-17,AGUA-02_paquete_001_20251120.csv
2025-11-19 19:13:07,2025-11-19 19:13:50,Sin sesión,,,,13,AGUA-01,,0.0,35.25,12.47,0.0,0.0,21.0,13,AGUA-01,2025-11-17,AGUA-01_paquete_001_20251120.csv
2025-11-19 19:47:21,2025-11-19 19:48:04,Sin sesión,,,,13,AGUA-02,,26.44,31.25,12.27,1680.0,8.23,20.0,13,AGUA-02,2025-11-17,AGUA-02_paquete_001_20251120.csv
2025-11-19 20:15:28,2025-11-19 20:16:11,Sin sesión,,,,13,AGUA-01,,0.0,30.0,12.43,0.0,0.0,24.0,13,AGUA-01,2025-11-17,AGUA-01_paquete_001_20251120.csv
2025-11-19 20:47:51,2025-11-19 20:48:43,Sin sesión,,,,13,AGUA-02,,25.81,28.0,12.24,1649.0,8.19,22.0,13,AGUA-02,2025-11-17,AGUA-02_paquete_001_20251120.csv
2025-11-19 21:17:45,2025-11-19 21:18:27,Sin sesión,,,,13,AGUA-01,,0.0,27.5,12.42,0.0,0.0,23.0,13,AGUA-01,2025-11-17,AGUA-01_paquete_001_20251120.csv
2025-11-19 21:48:39,2025-11-19 21:49:22,Sin sesión,,,,13,AGUA-02,,25.12,26.0,12.24,1631.0,8.14,21.0,13,AGUA-02,2025-11-17,AGUA-02_paquete_001_20251120.csv
2025-11-19 22:20:19,2025-11-19 22:21:02,Sin sesión,,,,13,AGUA-01,,0.0,27.5,12.41,0.0,0.0,23.0,13,AGUA-01,2025-11-17,AGUA-01_paquete_001_20251120.csv
2025-11-19 22:49:20,2025-11-19 22:50:03,Sin sesión,,,,13,AGUA-02,,25.06,24.25,12.24,1618.0,8.09,19.0,13,AGUA-02,2025-11-17,AGUA-02_paquete_001_20251120.csv
2025-11-19 23:22:44,2025-11-19 23:23:26,Sin sesión,,,,13,AGUA-01,,0.0,25.25,12.39,0.0,0.0,26.0,13,AGUA-01,2025-11-17,AGUA-01_paquete_001_20251120.csv
2025-11-19 23:50:03,2025-11-19 23:50:46,Sin sesión,,,,13,AGUA-02,,25.0,23.0,12.24,1616.0,8.1,22.0,13,AGUA-02,2025-11-17,AGUA-02_paquete_001_20251120.csv
2025-11-20 00:25:12,2025-11-20 00:25:55,Sin sesión,,,,13,AGUA-01,,0.0,23.75,12.39,0.0,0.0,24.0,13,AGUA-01,2025-11-17,AGUA-01_paquete_001_20251120.csv
2025-11-20 00:50:45,2025-11-20 00:51:28,Sin sesión,,,,13,AGUA-02,,25.06,22.0,12.21,1606.0,8.13,23.0,13,AGUA-02,2025-11-17,AGUA-02_paquete_001_20251120.csv
